sample_id	cancer_type	tumor_copy_number
PCSI_0357	Panc-AdenoCA	293.128179
CGP_donor_1114930	Breast-DCIS	795.2402928
CGP_donor_1069291	Breast-AdenoCA	387.6368516
CGP_donor_1114881	Breast-AdenoCA	803.657049
CGP_donor_1114929	Breast-AdenoCA	490.9363236
CGP_donor_1167078	Breast-AdenoCA	543.5302122
CGP_donor_1167079	Breast-AdenoCA	792.5652142
CGP_donor_1167080	Breast-AdenoCA	888.6719232
CGP_donor_1187031	Breast-AdenoCA	247.3200144
CGP_donor_1187033	Breast-AdenoCA	368.2471938
CGP_donor_1199131	Breast-AdenoCA	664.4784609
CGP_donor_1199137	Breast-AdenoCA	1033.580153
CGP_donor_1199138	Breast-AdenoCA	960.6072277
CGP_donor_1230724	Breast-LobularCA	829.7133476
CGP_donor_1230729	Breast-AdenoCA	417.193863
CGP_donor_1199104	Breast-AdenoCA	749.1600644
CGP_donor_1199129	Breast-AdenoCA	1182.070517
c5c4a0a5-900d-483d-9282-475654d63265	ColoRect-AdenoCA	440.5397994
ddf69ed9-4c53-48b8-9f01-495bd60c3425	ColoRect-AdenoCA	937.6618672
f87c6dcc-1a9e-4df5-962c-1f946e2611f8	ColoRect-AdenoCA	240.4609571
CGP_donor_1212361	Breast-AdenoCA	277.2009389
EOPC-01	Prost-AdenoCA	267.6489991
EOPC-03	Prost-AdenoCA	449.7651425
EOPC-04	Prost-AdenoCA	352.0804661
EOPC-05	Prost-AdenoCA	205.4748583
EOPC-06	Prost-AdenoCA	145.8818449
EOPC-07	Prost-AdenoCA	286.659908
EOPC-08	Prost-AdenoCA	278.3510989
EOPC-09	Prost-AdenoCA	331.4812072
EOPC-010	Prost-AdenoCA	307.0410205
EOPC-011	Prost-AdenoCA	235.4361665
EOPC-018	Prost-AdenoCA	146.6472434
EOPC-026	Prost-AdenoCA	227.0129851
OCCAMS-PS-012	Eso-AdenoCA	300.6549982
OCCAMS-PS-014	Eso-AdenoCA	130.610943
OCCAMS-PS-001	Eso-AdenoCA	603.9354818
12824b2b-9c0a-4dcf-8941-34593a4e93da	CNS-GBM	177.4375509
737b35e1-d668-4fce-9b6e-76946c7952b6	CNS-GBM	338.6438345
9853c6bb-a42c-4698-abe5-f3c897ebc8f6	CNS-GBM	478.4363173
17dffffc-65d6-4209-9075-18a441001f0f	CNS-GBM	345.3472629
e17a6048-7a72-42c0-ad3f-97cbff02bc9f	CNS-GBM	818.423923
0078b0c4-68a9-483b-9aab-61156d263213	CNS-GBM	288.525268
b1c4579c-72fa-4974-830c-b6a81ace45f4	CNS-GBM	288.6397819
f5bc5d97-e054-4e53-992d-71b896bd97d5	CNS-GBM	251.2198301
fa1f1cfc-9da0-488b-93fe-60aaff99c171	CNS-GBM	181.362989
0798dbe2-1914-427c-a2fe-2a865d0d6eda	CNS-GBM	202.4081007
69d56f2d-6924-409b-9d1e-c8d69b400270	CNS-GBM	468.4666914
c184c3ca-7ad3-4202-b108-cb9fd5f5d947	CNS-GBM	70.5396072
97686ab2-3b7e-4b21-9bf3-9a5a01709e04	CNS-GBM	350.8109124
be3a7ef3-34ed-40e1-9d9c-187940596b26	CNS-GBM	364.0469824
5c984433-33cf-42fc-b3ba-511efcdcab19	CNS-GBM	245.5822404
bf339349-062f-4ea9-a0b2-d87d3a21099e	CNS-GBM	497.0181625
5613f5f6-086d-470b-8f77-6dcb7f8625b7	CNS-GBM	522.7264534
386b629e-fab1-4033-b088-45d6eeb4a13e	CNS-GBM	392.6729531
a515cf2d-e918-4958-9bf6-e611b425a97e	CNS-GBM	766.4942948
a2ac9937-f351-4d78-9261-264bf6c21e0c	CNS-GBM	402.4469596
93ed7a2b-b0cb-4a84-871f-5c34a0b6a640	CNS-GBM	87.23001355
309005a2-93a8-4566-b8d3-6b9310144266	CNS-GBM	157.2452146
713190ed-c6c1-4695-814b-85ca9b95e6a0	CNS-GBM	116.3663174
3f960d3b-a58c-43d0-a8a4-f3555b399c9d	CNS-GBM	220.5918758
0dca98b0-f43e-45b6-9a02-00092c78678c	Breast-AdenoCA	272.0903842
0bc5744c-5fa3-45bb-87d0-70a02068b392	Breast-AdenoCA	284.7322868
1549dc64-3dab-43fc-96e9-b07d520957e1	Breast-AdenoCA	424.9235384
521ea765-1bd1-423d-a75d-091243df37a9	CNS-GBM	422.8011866
1b703058-e596-45bc-80fe-8b98d545c2e2	Breast-LobularCA	218.6840864
ea3b5da2-6a12-400c-bf0f-e442f5ec1132	CNS-GBM	431.7821122
b094e8b2-8ece-4b36-8025-18073a8b873c	Breast-AdenoCA	329.7644191
b2aac45b-2073-4c7a-adb9-769a4fdcc111	Breast-AdenoCA	172.6493171
9fefbe7c-f66a-4940-843e-285cb7b392c1	Breast-AdenoCA	246.9356821
352768f9-3ce1-419c-beef-6515c78f5d7a	CNS-GBM	596.5120432
18eb4dfc-556f-4bf3-a411-4780209ed1e0	Breast-AdenoCA	54.53826707
6e6962d8-34b8-431c-8220-42b0b92a410b	CNS-GBM	200.3630807
f45f4a30-6b4c-4f15-9140-959d6a25a45f	CNS-GBM	289.7332832
6c5154d2-af36-492f-b520-d925528824e4	CNS-GBM	299.2912761
3258cb3b-f63b-463c-b2e4-d638149157c5	CNS-GBM	237.2404351
6fa2a667-9c36-4526-8a58-1975e863a806	Breast-AdenoCA	379.0453614
6c28f086-6a25-40b6-93eb-bba0014acda6	CNS-GBM	586.4260498
c931f3bd-74c5-4ebd-bc0f-c7c6becd25ab	CNS-GBM	337.6412709
2c5fa2d4-8e35-42e4-8bca-9fb3371a19c8	CNS-GBM	448.1401199
8da3103e-3e6c-4176-a583-d5fe5e60601e	CNS-GBM	230.8317362
b37d944c-c65c-46d6-bb8b-3eb37cb85b68	CNS-GBM	428.7761825
20e8106b-1290-4735-abe4-7621e08e3dc8	Breast-AdenoCA	138.7411371
de7b7cac-f094-4d59-8651-e991e34ea093	CNS-GBM	432.3013519
8785012f-f73e-4d68-87cf-1d804af32782	Breast-AdenoCA	517.7903947
054f472f-98cb-4559-b2e2-b5f800fc8eef	CNS-GBM	257.6021425
2f4a127f-101a-4192-b3e8-f9be2c8648bc	CNS-GBM	439.8212534
eaf674dd-9909-4879-b9a3-74253169eddd	Head-SCC	161.2284491
5fce954c-11b9-41f4-9471-4b5bdc0efa7f	Head-SCC	172.5160177
d5eedfb5-4fa3-4a1e-ad0d-ea550b22a5ba	Head-SCC	147.9729667
3e5f451a-5882-4914-ae1a-95c898c2bcca	Head-SCC	196.4663517
05fbd98c-28bd-41bc-ae60-16ac0c16c723	Head-SCC	108.6962637
bf6b931e-cb2e-4cc0-b603-e9fc71fdc509	Head-SCC	193.4758133
fafd6f5b-1d76-4537-bd1c-e0bd7b4e2166	Head-SCC	164.778823
c1f50a22-38df-41cc-a1f4-f7985504a7ac	Head-SCC	282.1330595
9f89510c-ed07-471f-b35e-7c87c237b9fe	Head-SCC	86.55677658
ba9d4568-71a8-41fc-a2be-0bf784e36d6a	Head-SCC	123.7888664
d89b1fd6-bef4-4803-8ed3-3b442be600b6	Head-SCC	227.292626
d189a6c6-210f-4957-b500-457d5ce3f867	Head-SCC	94.44199119
7de19081-d5fd-468c-ad0d-f6e3e8b2ad70	Head-SCC	465.7808943
4075717b-2240-4842-a00a-0c4dbcb910c4	Head-SCC	124.7999114
c7df3466-b9a7-4818-883b-d0cd08483570	Head-SCC	142.2412792
e8ac39e6-377a-412c-b18d-f6c4fc654ec6	Head-SCC	180.3075631
3c975b68-4a6e-4c97-a8d1-b9a427d4957c	Head-SCC	120.6166579
534f85f2-b9eb-45be-87d5-c3dffd13d541	Head-SCC	249.9967092
e303b8c4-6428-4134-bb9d-a95dc1d8e35e	Head-SCC	349.8037237
cb99fb14-641c-4fb3-bf1d-17efb8cd982a	Head-SCC	232.6207748
89f91e36-fed8-4da3-8a35-c761d6f65285	Head-SCC	172.1057988
8fc1f1be-d2d5-4b3a-9973-f4d964018beb	Head-SCC	234.2105682
4cffea0b-90a7-4c86-a73f-bb8feca3ada7	Head-SCC	188.295895
ad6c9d09-2c03-4786-a72d-dd2aa5f603d4	Head-SCC	153.1554467
1f744ada-6de1-446d-b62c-76a7fc8b40af	Head-SCC	494.6262395
832316ee-08ab-412b-9e4d-8a57ff84bc11	Head-SCC	101.8553645
6909302d-358a-46cd-8052-eedb09c83c83	Head-SCC	168.089745
d7641ca1-a062-4dd2-9414-447af7311a84	Head-SCC	228.1762667
90a8d2cb-1f31-45f9-8575-eed3cb9a7798	Head-SCC	132.1983659
9ae5101b-6031-4ab1-bfca-198c41af3184	Head-SCC	166.6068696
a9b7d7fe-be31-4f71-afee-c1bfdf511888	Breast-AdenoCA	93.91238979
e7d49212-e9cb-4cd7-923a-bdfc82a4a150	Head-SCC	143.1219356
8c238d30-df8e-4e6b-98fc-21696269a294	Head-SCC	327.9934138
0956bc67-dd55-4c54-a56a-f22f2856662a	Head-SCC	126.9112517
180036a2-3b56-405e-a1fe-d5932517b6c7	Head-SCC	162.8300206
9e178d80-fe90-4998-9dae-726c4beceef7	Head-SCC	170.4939169
3cbca837-f5a7-4a87-8f02-c59eac232d5a	Kidney-RCC	418.980443
cfc999aa-802e-4a0d-8b14-be2b19fa2a17	Kidney-RCC	560.7947959
9da334ed-314c-4445-ba29-ffd9bb42403c	Kidney-RCC	204.1963855
1e417b93-837d-4110-9090-239eb82c3e20	Kidney-RCC	286.8181476
c364e81c-eb1e-4870-ab37-9c661f5f2e3d	Breast-AdenoCA	197.1475728
8aaa4e25-5c12-4ace-96dc-91aaa0c4457c	Kidney-RCC	880.1746286
4edff57f-4b0e-4770-beac-590da7d7232c	Kidney-RCC	107.6078841
9b84d013-713b-4571-888c-12863fdd4a52	Kidney-RCC	383.9601021
fb9bafa5-7133-4955-8156-4eb6763dc8e1	Kidney-RCC	161.971941
33cf0893-0411-4758-aa90-602bfedf0850	Kidney-RCC	341.0892879
f2801b21-5444-4cc3-a642-c60c6d82cd3d	Kidney-RCC	110.1250003
28e9b6f9-ab6a-400b-a6a9-79095a443591	Kidney-RCC	314.1651104
9dc7812b-c7a2-4de4-bf6d-4c7261384a62	Kidney-RCC	474.4386175
2939c03a-6f3f-4f7b-b246-34361baadeb9	Kidney-RCC	415.1735431
db058eb4-9c5e-4226-92d1-de24aea83630	Kidney-RCC	208.4297982
3e976301-4042-4ac0-8f01-ef2f1a8161a6	Kidney-RCC	461.7978924
cc353686-e2b6-46a1-8095-48e2bc44b11f	Kidney-RCC	662.9591014
577847b9-f9b6-4954-868f-3d5ab2b4f694	Kidney-RCC	186.1837964
4c325ee1-9b8e-45d4-a0a7-e47ec1eac402	Kidney-RCC	143.7892235
9ecdde9c-2179-4830-bd10-c4fa40f26066	Kidney-RCC	455.6129211
80c4fc5b-dc7d-4308-8c81-6e83625963b5	Kidney-RCC	346.601615
2ed3296a-5b10-40d8-8af4-90dc031657cd	Kidney-RCC	431.5208316
4b2ec8aa-8460-440e-b75b-6b92ae7a3ffc	Kidney-RCC	201.7377478
781acafa-a58b-4180-bbca-c5b675d51b17	Kidney-RCC	251.8983566
f5759059-c0e3-4f1a-af96-5c7197d3c33c	Kidney-RCC	223.3947856
bbbce1ba-c739-43ba-b9cf-a4f746491ae3	Kidney-RCC	365.6736417
1adb05d4-e1ca-4ede-81c7-ff24a243abae	Kidney-RCC	339.1509903
659294b9-ded9-498a-bc00-c1d4d456aa4a	Kidney-RCC	177.2514084
11ab53c8-6366-4bc9-b60d-23e6ed2d1cae	Kidney-RCC	482.2516807
78048432-2de1-498c-9cf1-9c5bd43daa39	Kidney-RCC	399.3301729
6956473b-92e5-4069-a26b-b48e280e76f2	Breast-AdenoCA	168.5983461
0487fc41-386c-4d76-9084-daf959bf5e98	Kidney-RCC	111.8888582
7664c241-b369-4d76-9cd1-7f2bdc1d267f	Kidney-RCC	326.7433434
441919eb-8c9f-478c-bda3-8de4f8295e8a	Breast-AdenoCA	272.7495498
7ca06dbe-f073-4aee-86ff-a545fad5ea93	Kidney-RCC	348.7577821
a121406a-30b2-4717-ae96-edcb17d911e2	Kidney-RCC	286.3334781
71b35cd8-ecee-4599-bb24-b1ef78118423	Kidney-RCC	606.3220425
f6e1ec78-5ad9-4879-9b7e-262d17b166ad	Breast-AdenoCA	278.5820624
5c9a6c40-982e-45c7-98d3-aeb6cad16986	Kidney-RCC	286.1409186
2666ab3e-f2b9-4b3d-bfce-aac2a4bafe62	Kidney-RCC	296.6976472
2272c592-b9b6-4483-9f7f-6e185699b900	Kidney-RCC	953.5613693
aeb6a3a6-b57a-4c53-90e6-e833777dd2a1	Breast-AdenoCA	146.6884804
4edd92e1-5da5-49a3-80e4-fa456aa425b8	Kidney-RCC	837.7988955
a6e960af-3ca5-42fb-b546-451c2583282d	Kidney-RCC	277.201078
75a53bff-bf0f-4ad8-9b8e-14a27914d4f2	Kidney-RCC	283.5550089
df135722-b98d-4dec-906d-77da13df39b9	Kidney-RCC	261.4237965
42d044ae-1416-477d-ac80-779c49bc8d35	Kidney-RCC	147.9876963
9fc40b03-0b56-4b1f-93ed-dbc455ae3fd9	Kidney-RCC	999.1926504
4e6edfe6-adcb-4c12-8ff4-38a79f5887e8	Breast-AdenoCA	189.6960762
96457ebf-ae88-41f4-97e5-cdc3163418aa	Breast-AdenoCA	196.8891149
CGP_donor_1337225	Breast-AdenoCA	605.8277003
CGP_donor_1347731	Breast-AdenoCA	207.9772198
CGP_donor_1397279	Breast-AdenoCA	401.4288931
CGP_donor_GC00037	Stomach-AdenoCA	187.8001117
CGP_donor_GC00051	Stomach-AdenoCA	736.1611038
BTCA_donor_Y008	Biliary-AdenoCA	567.1556567
BTCA_donor_Y065	Biliary-AdenoCA	421.4694992
CGP_donor_1503016	Breast-AdenoCA	516.737072
CGP_donor_1230796	Breast-AdenoCA	314.7218316
CGP_donor_1503150	Breast-AdenoCA	469.9325171
CGP_donor_1337218	Breast-AdenoCA	385.8173227
CGP_donor_1186987	Breast-AdenoCA	552.2487262
OSCC-GB_012401	Head-SCC	231.5981638
CGP_donor_1425260	Breast-AdenoCA	529.6018485
CGP_donor_1397281	Breast-AdenoCA	865.0089947
CGP_donor_1337237	Breast-AdenoCA	924.1580053
CGP_donor_1337226	Breast-AdenoCA	658.7802453
CGP_donor_GC00021	Stomach-AdenoCA	246.0071026
CGP_donor_GC00033	Stomach-AdenoCA	423.6991527
CGP_donor_1234129	Breast-AdenoCA	346.0965814
CGP_donor_1353429	Breast-LobularCA	381.2073696
CGP_donor_1230754	Breast-AdenoCA	822.1942287
CGP_donor_GC00007	Stomach-AdenoCA	291.0692698
CGP_donor_GC00002	Stomach-AdenoCA	526.3158965
CGP_donor_1503017	Breast-AdenoCA	584.9805153
CGP_donor_GC00014	Stomach-AdenoCA	198.4643801
CGP_donor_1230797	Breast-AdenoCA	415.5066972
CGP_donor_1337214	Breast-AdenoCA	441.6810349
CGP_donor_1503156	Breast-AdenoCA	279.4342744
CGP_donor_1347756	Breast-LobularCA	224.3804551
CGP_donor_1347751	Breast-AdenoCA	707.7876527
CGP_donor_1186990	Breast-AdenoCA	772.3672572
CGP_donor_1397263	Breast-AdenoCA	528.1065153
OSCC-GB_012501	Head-SCC	378.1375613
CGP_donor_1337238	Breast-AdenoCA	914.1953638
CGP_donor_1333047	Breast-AdenoCA	352.5615369
CGP_donor_GC00027	Stomach-AdenoCA	236.1198932
CGP_donor_1364028	Breast-AdenoCA	639.3778031
CGP_donor_1234120	Breast-LobularCA	647.0227244
OSCC-GB_012101	Head-SCC	384.65528
CGP_donor_1475200	Breast-AdenoCA	620.624722
CGP_donor_1397086	Breast-AdenoCA	291.1417117
BTCA_donor_A035	Biliary-AdenoCA	391.05331
CGP_donor_1503140	Breast-LobularCA	372.8994286
CGP_donor_1503020	Breast-AdenoCA	311.6255324
CGP_donor_1337241	Breast-AdenoCA	383.9339887
CGP_donor_1374616	Breast-AdenoCA	389.0538084
CGP_donor_1397264	Breast-AdenoCA	541.7304659
BTCA_donor_Y140	Biliary-AdenoCA	1202.97125
BTCA_donor_B083	Biliary-AdenoCA	504.6184346
CGP_donor_1333048	Breast-AdenoCA	201.8014824
CGP_donor_1337223	Breast-AdenoCA	597.4183485
BTCA_donor_A096	Biliary-AdenoCA	660.0608938
CGP_donor_GC00028	Stomach-AdenoCA	229.2954576
CGP_donor_GC00047	Stomach-AdenoCA	235.5907002
CGP_donor_1364029	Breast-DCIS	623.1873104
CGP_donor_GC00030	Stomach-AdenoCA	204.2110656
CGP_donor_GC00035	Stomach-AdenoCA	409.8076663
CGP_donor_1451422	Breast-LobularCA	308.2586642
BTCA_donor_Z2403	Biliary-AdenoCA	389.556926
CGP_donor_1234121	Breast-AdenoCA	660.9216203
BTCA_donor_C080	Biliary-AdenoCA	732.6345704
BTCA_donor_B070	Biliary-AdenoCA	299.9776436
CGP_donor_1475201	Breast-AdenoCA	541.207061
CGP_donor_1503019	Breast-AdenoCA	666.3532678
CGP_donor_1503014	Breast-AdenoCA	469.1666074
CGP_donor_1503021	Breast-AdenoCA	449.3815492
CGP_donor_1397260	Breast-AdenoCA	428.3920517
CGP_donor_1374617	Breast-AdenoCA	291.2973198
CGP_donor_1397284	Breast-AdenoCA	354.4662084
CGP_donor_1347742	Breast-AdenoCA	387.8452029
CGP_donor_1347723	Breast-AdenoCA	695.8741933
CGP_donor_GC00029	Stomach-AdenoCA	289.2165643
CGP_donor_1353434	Breast-AdenoCA	422.7444204
CGP_donor_GC00031	Stomach-AdenoCA	237.4021889
BTCA_donor_A153	Biliary-AdenoCA	368.6310829
CGP_donor_1234122	Breast-AdenoCA	407.9114779
CGP_donor_1503128	Breast-AdenoCA	576.0791825
CGP_donor_1232859	Breast-AdenoCA	322.684347
CGP_donor_1397088	Breast-AdenoCA	338.2386993
OSCC-GB_012301	Head-SCC	511.5723544
CGP_donor_GC00050	Stomach-AdenoCA	191.6555542
CGP_donor_1337236	Breast-AdenoCA	334.4517194
CGP_donor_1337231	Breast-AdenoCA	1379.04702
CGP_donor_1374618	Breast-AdenoCA	510.1026234
9f45a227-1fd5-478c-a194-4a5c61b68cc3	ColoRect-AdenoCA	275.2974096
25e893ad-a0fd-45ae-9aa9-9bcd7c2ec8e5	Liver-HCC	260.9399924
c7a2f394-3e3f-4c90-9f1e-f2be3e5b0d6b	Thy-AdenoCA	450.7985834
ea0e5ae7-1f15-4504-aea3-efd1f6733304	SoftTissue-Liposarc	172.5950832
cd73a55f-03c1-4da0-9fa7-1ae4a263664e	SoftTissue-Liposarc	459.2279507
854e42bc-95b2-4b77-a4b2-ffbd6c28b281	SoftTissue-Liposarc	114.264173
73d2e8ef-4e10-416a-845b-f48374e48ecb	SoftTissue-Liposarc	111.3122253
9517413b-b5b8-4130-8ba1-d86d44abe2ec	SoftTissue-Liposarc	94.88171269
3608bfbb-2a92-4ec2-a330-bf4790a8b65c	SoftTissue-Liposarc	143.3124489
6b189eff-b919-49d6-8775-dbf32c9ccbba	SoftTissue-Liposarc	236.4443741
2ff6aede-7bcd-440b-99ab-7a023faf658e	SoftTissue-Liposarc	82.81579706
f75d2589-fd7b-49a1-a1c8-0b4726b81f3c	SoftTissue-Liposarc	231.7669979
39f68467-3d37-4b19-aa43-ed7b120c619d	SoftTissue-Liposarc	82.6845969
e7a72f7e-77b1-4d95-8f37-39a6cffc35dc	SoftTissue-Liposarc	108.1185307
e786de34-4c21-460f-89ab-008de4347049	SoftTissue-Liposarc	89.71424444
2cacd9d0-8414-4f17-8259-c9d838597f39	SoftTissue-Liposarc	209.7895917
3505f91d-bc66-4732-84b6-18c5b32ca6b8	SoftTissue-Liposarc	144.2776754
b85e2156-d5ac-486c-93e1-86525ea41a64	SoftTissue-Liposarc	237.2836089
8f3f6f7c-4b50-467e-a6e8-d836735913f6	SoftTissue-Liposarc	121.9061324
6201394f-b70e-4f14-9519-ff9d5f06eb09	SoftTissue-Liposarc	115.1600773
ea3a524b-6ee3-4904-8924-29fcaa20985c	SoftTissue-Leiomyo	132.1235294
2905cbd1-719b-46d9-b8af-8fe4927bc473	SoftTissue-Liposarc	76.90976758
7bab6742-4e3d-4fcf-9b90-d3e0218b4d79	SoftTissue-Leiomyo	111.8519453
7f9031da-124a-4a38-83e6-878a50e58c24	SoftTissue-Leiomyo	271.5915396
12bfd446-2ee5-4664-a492-c023d134f60f	SoftTissue-Leiomyo	148.724527
9c9b53e5-cdbe-4510-a839-4a3b5039681b	SoftTissue-Leiomyo	71.30084118
c5b0e6be-48b5-40e5-9d90-f9112050aa88	SoftTissue-Leiomyo	124.1462081
c5e23947-253b-40d2-916a-277b2a580be2	SoftTissue-Leiomyo	50.27808844
590fdb76-20ef-4f95-9783-7d80e7a25e5a	SoftTissue-Leiomyo	459.1468285
4e8c570c-3cbe-4878-8b2c-b966868dd60d	SoftTissue-Leiomyo	65.65453442
5a64f7e9-3833-4a3c-962b-13eb3e305c69	SoftTissue-Leiomyo	73.44303344
257dc623-41e1-4fa3-859c-c787db10bd60	SoftTissue-Leiomyo	548.5025421
0da5ee6c-d012-4a57-9992-9d74937aaa5f	SoftTissue-Leiomyo	328.1683765
c20682a1-f340-430d-99f9-077fe093ed19	SoftTissue-Leiomyo	187.1302045
8654c2b5-27d7-43c5-9a39-7fdefd7a0324	SoftTissue-Leiomyo	143.1436674
83b3060c-2449-4581-88ef-817d126e4525	Kidney-ChRCC	494.1582357
6101ffe6-2ef6-4256-9d6b-a7c545836995	Kidney-ChRCC	228.7806886
03f3dd32-e1d1-485b-a968-3f55798f4d46	Kidney-ChRCC	1086.261563
02979422-5149-4750-ad5f-483e0bec6ac5	Kidney-ChRCC	488.5247377
452135f2-6de6-4593-a091-ddf6344ee431	Kidney-ChRCC	661.576443
0f3c4f8f-0766-46b0-81b4-18ca4f6ea20a	Kidney-ChRCC	313.4739386
8ac7f218-bd7b-4dda-8879-2cec49748e42	Kidney-ChRCC	1352.388151
3ec3bcb3-492c-4942-be02-76a67f57e38f	Kidney-ChRCC	426.3074752
02ec7a3a-2812-4a65-93cd-07bf655cc91b	Kidney-ChRCC	230.5051767
9aabcbd7-a26a-49b1-abf1-02c0dc3adcf2	Kidney-ChRCC	320.2072274
3129e869-bb2f-423a-bd20-d0daae33b11a	Kidney-ChRCC	410.8035118
70e306ee-9584-49d6-81a1-a49d837ab6aa	Kidney-ChRCC	620.8402451
c689ae1d-4a6b-45db-b4d1-6b34c5c61522	Kidney-ChRCC	234.5042751
b4a0bf74-1381-4c17-b97d-206810d9e59a	Kidney-ChRCC	580.8336315
a5af1391-89d3-4f41-930e-7e8272afec98	Kidney-ChRCC	1464.453077
a122d361-835e-4cf2-850f-af7864aa112c	Kidney-ChRCC	573.7515266
23656226-2d99-4548-959f-5c2eed803e33	Kidney-ChRCC	1349.478446
739deed4-d1dc-458f-bd0f-1e24d2bfd305	Kidney-ChRCC	1467.702171
872092b3-d31e-44d7-bd03-e29f52f8ab5a	Kidney-ChRCC	703.6572284
40f79cfe-a51f-497b-b06e-7a4f9004f092	Kidney-ChRCC	247.2017225
2f1c4db6-88a7-4a5d-a5fe-94d85f569440	Kidney-ChRCC	978.7499777
4e4faf51-2cbf-4910-a093-186660e4a19b	Kidney-ChRCC	232.8988171
2ea84e23-6a0a-4c5d-9c70-d5355a85df35	Kidney-ChRCC	388.460388
f3ba1cf8-ac67-4da8-96f3-8680dc55f247	Kidney-ChRCC	725.0808156
2fc175d1-9d95-44fd-a53e-820f6f404551	Kidney-ChRCC	507.6492339
4a88bc85-4c6e-4fac-8dbb-d3fc5f36b35e	Kidney-ChRCC	1153.449738
8c9e1f60-1838-4aa4-a667-c1cef7dddbdf	Kidney-ChRCC	1021.178456
cc316faf-dcb1-4dea-b8b0-a17d000ff40f	Kidney-ChRCC	727.0073669
b08dfba8-6afb-4217-9259-72be6f1f3363	Kidney-ChRCC	652.9898176
955d428c-8fe8-456b-b86d-65ea6c2a1b18	Kidney-ChRCC	34.05059071
455fd7d4-5ff4-423f-83ce-4630aef89bb7	Kidney-ChRCC	250.9358867
366219b9-fde3-4d2d-82d3-15fe6245aa98	Kidney-ChRCC	310.8826785
04e9a63a-d742-488c-8564-bf9d79aa2091	Kidney-ChRCC	691.9759373
af1111af-9384-4e37-9b16-227d38007ebd	Kidney-ChRCC	208.6054303
e1e15226-9f8e-4035-8f08-eb1fed57080e	Kidney-ChRCC	1257.976052
f2b58595-dec0-4194-ab33-7c7dc6c058a6	Kidney-ChRCC	250.2417848
f1c1502e-1bd6-425a-b651-454363809668	Kidney-ChRCC	1626.755333
d52c3cb6-921e-4f26-b49c-e6e4f11f9c06	Kidney-ChRCC	440.0142434
9aa02d46-294b-4e99-b9ee-56edcbfb5275	Kidney-ChRCC	295.1181262
151f07f5-1529-4fcd-912c-e55b2ff8abef	Kidney-ChRCC	401.1047604
ee8c1919-17a9-4df1-8aa5-79546621b23c	Kidney-ChRCC	415.4472528
0ec3caa1-7c51-417b-a89c-18e9fceb80c4	Kidney-ChRCC	412.1325513
CGP_donor_1337240	Breast-LobularCA	1008.216764
CGP_donor_1187025	Breast-AdenoCA	616.4446651
CGP_donor_1230755	Breast-AdenoCA	865.4556556
CGP_donor_1353428	Breast-AdenoCA	577.2944701
CGP_donor_1397261	Breast-AdenoCA	312.7803073
CGP_donor_1451426	Breast-DCIS	570.4378826
CGP_donor_1475202	Breast-AdenoCA	1183.042518
MELA-0001	Skin-Melanoma	896.7322366
MELA-0002	Skin-Melanoma	182.0827134
MELA-0003	Skin-Melanoma	435.2154871
MELA-0005	Skin-Melanoma	503.7492709
MELA-0007	Skin-Melanoma	343.4432283
MELA-0008	Skin-Melanoma	818.4078525
MELA-0009	Skin-Melanoma	521.2529392
MELA-0011	Skin-Melanoma	388.713109
MELA-0012	Skin-Melanoma	1472.899425
MELA-0015	Skin-Melanoma	654.0471479
MELA-0022	Skin-Melanoma	590.6761787
MELA-0034	Skin-Melanoma	79.44226674
MELA-0037	Skin-Melanoma	438.9237255
MELA-0043	Skin-Melanoma	622.9593921
MELA-0046	Skin-Melanoma	342.3971637
MELA-0048	Skin-Melanoma	284.5042452
MELA-0050	Skin-Melanoma	632.524958
MELA-0051	Skin-Melanoma	293.4636063
MELA-0052	Skin-Melanoma	724.7428715
MELA-0055	Skin-Melanoma	209.9520335
MELA-0060	Skin-Melanoma	424.1746516
MELA-0061	Skin-Melanoma	423.2636889
MELA-0064	Skin-Melanoma	716.2656026
MELA-0066	Skin-Melanoma	411.5904551
MELA-0067	Skin-Melanoma	163.9611716
MELA-0069	Skin-Melanoma	599.4755406
MELA-0070	Skin-Melanoma	235.5745825
MELA-0075	Skin-Melanoma	473.8435978
MELA-0160	Skin-Melanoma	440.8403533
MELA-0161	Skin-Melanoma	323.7053093
MELA-0167	Skin-Melanoma	596.1469961
MELA-0168	Skin-Melanoma	971.5961379
MELA-0169	Skin-Melanoma	1287.939391
MELA-0170	Skin-Melanoma	553.2341819
MELA-0174	Skin-Melanoma	1317.192765
MELA-0179	Skin-Melanoma	578.6466806
MELA-0183	Skin-Melanoma	1174.269724
MELA-0184	Skin-Melanoma	796.5620228
MELA-0185	Skin-Melanoma	659.1608078
MELA-0187	Skin-Melanoma	1150.263551
MELA-0190	Skin-Melanoma	564.3204488
MELA-0192	Skin-Melanoma	699.039561
MELA-0193	Skin-Melanoma	1133.022252
MELA-0196	Skin-Melanoma	317.3358136
MELA-0197	Skin-Melanoma	1400.246043
MELA-0202	Skin-Melanoma	372.0142543
MELA-0203	Skin-Melanoma	436.137684
MELA-0213	Skin-Melanoma	657.9330206
MELA-0223	Skin-Melanoma	287.0195082
MELA-0226	Skin-Melanoma	231.7495116
MELA-0228	Skin-Melanoma	551.0979051
MELA-0230	Skin-Melanoma	420.9062892
MELA-0231	Skin-Melanoma	1027.87304
MELA-0232	Skin-Melanoma	310.2379607
MELA-0234	Skin-Melanoma	347.3916626
MELA-0236	Skin-Melanoma	246.8635104
MELA-0237	Skin-Melanoma	696.0206529
MELA-0238	Skin-Melanoma	285.2945572
MELA-0239	Skin-Melanoma	322.6686112
MELA-0256	Skin-Melanoma	116.9249216
MELA-0257	Skin-Melanoma	204.6697384
MELA-0259	Skin-Melanoma	299.1997158
4124188	Lymph-BNHL	333.6145511
4138527	Lymph-BNHL	174.0807676
4105746	Lymph-BNHL	330.1187605
01c4ca12-ac08-41dd-9e4f-bfb0971688a2	CNS-Oligo	1019.472627
fc3b7596-f515-446f-81db-fed0154ca2c5	CNS-Oligo	223.5857679
0056_CRUK_PC_0056	Prost-AdenoCA	318.8343897
PCSI_0528	Panc-AdenoCA	523.0581877
PCSI_0537	Panc-AdenoCA	1047.167961
PCSI_0472	Panc-AdenoCA	1090.239942
PCSI_0476	Panc-AdenoCA	487.7422368
PCSI_0477	Panc-AdenoCA	626.1215485
PCSI_0547	Panc-AdenoCA	319.1656886
SNU_WGS_12	Myeloid-AML	430.6075844
400b2fa3-baf7-4baa-99b4-88b9f25b5049	CNS-Oligo	409.8328529
49717f75-0f2d-4e1c-9a12-f1cd7877b80a	Breast-AdenoCA	106.9057527
CGP_donor_GC00022	Stomach-AdenoCA	268.3459374
CGP_donor_GC00046	Stomach-AdenoCA	95.81612067
67325322-483f-443f-9ffa-2a20d108a2fb	Lymph-BNHL	162.6987016
f978cb0f-d319-4c01-b4c5-23ae1403a106	Lymph-BNHL	272.1877434
1f971af1-6772-4fe6-8d35-bbe527a037fe	Lymph-BNHL	169.0505608
f0a326d2-1f3e-4a5d-bca8-32aaccc52338	Lymph-BNHL	215.6049717
c8cde9ea-89e9-4ee8-8a46-417a48f6d3ab	Lymph-BNHL	176.4730061
a8e2df1e-4042-42af-9231-3a00e83489f0	Lymph-BNHL	152.9262276
0e9fcccc-0630-408d-a121-2c6413824cb7	Lymph-BNHL	103.0185264
648252da-dd86-48d1-ae75-4257e3142b0b	CNS-Oligo	536.7976673
70939245-41e0-4845-a473-5fef719b9828	CNS-Oligo	620.0503683
42251e02-b687-4bf1-a1b6-e3dd978542e4	CNS-Oligo	487.8082155
f86fa219-34e9-4812-8edf-2b66d7219779	CNS-Oligo	213.3389843
84ae73e4-3b39-4444-9bfb-3fc6057eab32	CNS-Oligo	581.9593162
5017c115-39b8-4c5c-8be6-2cb298d7c641	CNS-Oligo	552.2005041
010aac75-3bfe-4bf2-b866-af0f2d92f125	CNS-Oligo	795.3254787
d2f2560c-ec80-4fea-9474-c47a2e85ea95	Breast-AdenoCA	191.6118709
1cc53ade-73c0-492b-a7dc-328269fd0e66	CNS-Oligo	480.19177
84569c1a-6baa-4380-ae3c-707df1be4618	CNS-Oligo	701.9736722
a5d3f3fb-6541-419d-b47e-720d438f1bff	CNS-Oligo	454.8803259
a5f851c5-6130-4ea1-9f86-be59331a92f7	CNS-Oligo	408.1773596
55a67639-ed05-4143-af96-a377bc5489ee	CNS-Oligo	482.8854469
68015cc7-d3a1-4c90-b8fb-5d14143d9960	Liver-HCC	243.4324826
728aedb3-551a-4c16-9be3-7733a9539e9e	Liver-HCC	369.4592404
39eb1db0-2722-4af4-8254-d0e10256c64d	Liver-HCC	357.342571
b7d6621c-8bce-4a01-8588-9d7761d9372b	Liver-HCC	267.3901667
ca8afb2c-be3d-41e8-8dbc-19fe7ab6154b	Liver-HCC	141.359901
1ad7f17e-b3b8-40e9-aab8-5a17e0aec408	Liver-HCC	142.406876
f6e5979d-d6a9-4408-bd1b-1b37d1064e83	Liver-HCC	259.6948578
dfa15fbe-bb14-40ce-afc6-70694112e3e2	Liver-HCC	278.7239759
8153a862-0790-4a33-80db-ed47fedcd4ef	Liver-HCC	285.6427353
6dcfc418-ab28-4365-95ea-c1ae254f2341	Liver-HCC	88.8573126
bfd20d71-18a5-4f01-8d56-84378ad92359	Liver-HCC	364.6079073
4bbdbe77-f3cb-4b64-9826-72debb734784	Liver-HCC	111.2486092
18c08546-bed3-4ed9-b223-479afe633c8e	Liver-HCC	417.8077301
f15279dd-5d12-460b-9bd1-b4f95681ca65	Liver-HCC	246.7995757
7dd3bda9-3a0a-46fa-b052-a6d24b847804	Liver-HCC	413.2606422
3acf7438-fd65-442c-8a30-68b6714537f3	Liver-HCC	222.3536978
3dd7c93d-8194-44ee-8014-10dd81ef6441	Liver-HCC	140.5540262
cab5b264-abab-4bdb-816e-9d2c0ac30629	Liver-HCC	90.28777361
52292ffc-0902-4d97-b461-20723987a177	Liver-HCC	441.1731914
b865dec4-f051-4fbe-9405-f832ff2010d7	Liver-HCC	462.9318106
440375d7-cdcd-418a-8992-0a8ca42d290d	Liver-HCC	210.1708216
2854ffe8-1f77-497a-bf49-11e0189fee35	Liver-HCC	403.0016832
239b4298-b090-480a-a19f-9758a827aa30	Liver-HCC	162.8050432
96312510-c126-485d-8109-ed81844a1dc3	Breast-AdenoCA	232.7035231
RK028	Liver-HCC	843.9334973
RK030	Liver-HCC	1002.505565
RK038	Liver-HCC	476.6845405
RK053	Liver-HCC	224.2419077
RK060	Liver-HCC	381.1220999
RK074	Liver-HCC	633.2210585
RK076	Liver-HCC	883.2257218
RK088	Liver-HCC	601.7083342
RK090	Liver-HCC	134.1518392
RK095	Liver-HCC	346.8347042
RK101	Liver-HCC	945.1732294
RK102	Liver-HCC	262.062508
RK104	Liver-HCC	333.686868
RK105	Liver-HCC	892.6244759
RK113	Liver-HCC	192.8917675
RK117	Liver-HCC	673.8416608
RK118	Liver-HCC	1268.847418
RK120	Liver-HCC	268.9743952
RK124	Liver-HCC	428.6758424
RK125	Liver-HCC	916.4064746
RK128	Liver-HCC	362.3988133
RK131	Liver-HCC	665.9319276
RK134	Liver-HCC	744.0350983
RK135	Liver-HCC	891.729949
RK143	Liver-HCC	898.3654595
RK145	Liver-HCC	412.7685951
RK150	Liver-HCC	411.5726577
RK151	Liver-HCC	696.4704999
RK152	Liver-HCC	519.3365471
RK156	Liver-HCC	312.9052707
RK164	Liver-HCC	712.3490986
RK169	Liver-HCC	340.7322735
RK172	Liver-HCC	389.8793217
97831d28-ab41-4c18-bfc2-c4c6bc757d13	Lung-AdenoCA	246.7499004
d5326429-9805-47f9-97b0-fbda658e3f01	Lung-AdenoCA	260.1776599
ebcba7f2-ce13-4bae-97cd-91a6b1dcd465	Lung-AdenoCA	367.5998728
df576520-a6b6-4c9b-8d06-3f59cc5342fd	Lung-AdenoCA	197.7430012
028e99e9-5b9a-4954-bb6e-6d4709a3cea8	Lung-AdenoCA	163.5908604
9b132e4f-7e35-4cc5-8711-43ad62b906d0	Lung-AdenoCA	267.5807081
61c655ec-52b5-453f-a6cc-b2aba445b027	Lung-AdenoCA	802.2414675
9f81c602-8afa-4588-b0b6-6e5a1a128d5a	Lung-AdenoCA	150.6098668
63bd2175-4b7c-44c9-aef3-9efc8f79837b	Lung-AdenoCA	99.04964089
397d3f69-1453-4057-b177-8723eec923d1	Lung-AdenoCA	496.354034
a3de401d-91fe-49a2-bb07-81c1a06506e6	Lung-AdenoCA	487.9845689
e4fc0909-f284-4471-866d-d8967b6adcbc	Breast-AdenoCA	147.6731546
1ab7ad70-0f80-41d8-8efa-3baebc8223cc	Lung-AdenoCA	1124.149474
3d2aa654-1b5f-4eb4-a1c2-af31f5760069	Lung-AdenoCA	1036.432719
501c987e-d1eb-48a9-89eb-72a5062c90b4	Lung-AdenoCA	297.7016459
46592b7b-6968-42a6-83af-0917c9f4a9a5	Lung-AdenoCA	76.23183331
c4d1e105-28b7-48df-abef-fbe09782fdb2	Lung-AdenoCA	203.5029499
74f31744-0aed-4633-beec-4e203315f0b7	Breast-AdenoCA	212.8571786
dbd5b0de-94c9-45dd-afb3-6820a7ecaca2	Lung-AdenoCA	315.3049966
5fd9552a-c742-4388-940d-295d1107ae00	Breast-AdenoCA	211.4574577
f77cf4d3-9829-4fd3-95a1-b29aed9e94b8	Lung-AdenoCA	511.9422556
6dfd47d2-831a-4386-9051-f78199a16bb5	Lung-AdenoCA	350.849025
b43e41af-1d82-4b5f-b8f1-add0510e6b86	Breast-AdenoCA	634.604916
762dea8a-5b41-4058-979a-b7876ed13d7e	Lung-AdenoCA	906.6783186
4da999a0-ef41-4a0b-b1d1-446b39cc855a	Breast-AdenoCA	97.53903957
21fb46f9-4bbb-441c-af19-a687e9138344	Lung-AdenoCA	228.9824034
0df573ee-28f0-4244-b434-09e6ca59fbf0	Lung-AdenoCA	573.1665609
2cd8ea73-cb3f-4b17-9b97-fa12eb03b85b	Lung-AdenoCA	138.5915398
993103b1-e5a1-4c33-8629-be53ebc41d64	Breast-AdenoCA	149.6774046
0d66bf6c-eed0-4726-bd5b-3bf6d610b4e0	Lung-AdenoCA	341.0610864
4c31127e-d095-4978-9dac-35153c27f6ed	Lung-AdenoCA	551.2587632
0a2a3529-f645-4967-9a58-89ee20b8bb62	Breast-AdenoCA	170.1399875
cc4bd56a-25c5-4c48-b583-ac3aeb778ca6	Lung-AdenoCA	1137.945983
9a874b64-d0d6-416e-97bc-e9071ed0b16b	Lung-SCC	291.5867296
7d905f8f-3967-4ea8-96c8-17b1b03fbec3	Lung-SCC	165.5254972
9293e197-e38a-4e19-a7d0-1b45d1ad48bd	Lung-SCC	301.3468103
3edf933a-be1a-46e8-bfb0-acdff30e64a0	Lung-SCC	558.2393954
0e2ee54a-51c9-4868-842d-a2a1c1cfb016	Lung-SCC	269.194189
fd9ee494-65fe-4de4-adff-7952a059b17f	Lung-SCC	446.5106362
aecf85cc-058c-46f3-9cdc-3573ac3b8438	Lung-SCC	348.8891512
e58e8850-154f-4695-bee0-005c76410327	Lung-SCC	327.4026131
3666bc65-8e40-409e-9a1f-41583dd6d978	Lung-SCC	259.4077121
a3e1ac67-a1f2-44fb-8343-a7e8239fc24a	Lung-SCC	546.9256843
305f72a8-069b-410b-bbe4-4ecb761c748d	Lung-SCC	171.991983
e7d1b042-5b1c-4c29-b501-a5ef4810ecd2	Lung-SCC	102.2595263
d4bc755a-2585-4529-ae36-7e1d88bdecfe	Lung-SCC	325.7386983
ce8612ab-3149-4a6a-b424-29c0c21c9b8b	Lung-SCC	477.6938804
0ab8d063-62b4-4d47-82aa-e3351a60029d	Lung-SCC	701.8846065
9dff11cd-0784-4a60-9c77-43f8957d3dfa	Lung-SCC	192.1127709
da93a143-5799-4856-a5f4-3ff3b9284311	Lung-SCC	372.8441589
8e6020a1-68df-4d57-ad4e-33acc0861fb3	Lung-SCC	156.2995838
0398eae1-7216-4595-80a5-6b117d96e070	Lung-SCC	535.8097343
6fd72426-f6c8-47ca-a500-d5d3600b9b15	Lung-SCC	392.7885949
1f6b2aca-7357-40d1-ba7a-99227d9900a2	Lung-SCC	295.9842748
bd15f523-45c4-4d7c-a3cc-4fb56abb0e54	Lung-SCC	342.7431449
adc853b1-b8bf-488c-a1e2-e95603459b55	Lung-SCC	192.487344
2a84997d-ccee-4f46-bea2-752534f26416	Breast-AdenoCA	252.3356319
b5e2cbda-bbfa-4ef8-a9c4-cb978bef9b23	Lung-SCC	178.2182839
1f11de87-a5fe-49fd-80c1-e279b2bc69de	Lung-SCC	477.7962533
7b982d5e-3a7d-40ac-bd25-6044c62879b6	Lung-SCC	218.6571637
eadf8482-e60e-4307-adb7-d5c3b9fa6cae	Breast-AdenoCA	282.0807934
81b7cbc1-c037-426f-95b0-d729a30697da	Lung-SCC	169.0600739
da61857a-b00e-4a19-ab02-8fbb2ee56bea	Lung-SCC	444.6197038
566792ae-f853-4a47-856d-f02cdcfcb18a	Breast-AdenoCA	152.4697635
e21964b8-47c7-4a5f-bfa7-7206222883d2	Lung-SCC	159.4204579
43abe847-4ba7-466e-8283-5d7b80b999a7	Lung-SCC	738.4660313
1d27253f-b036-44e7-a04d-8da5bbf57419	Breast-AdenoCA	476.8091869
422a46b2-a67c-4a7e-923f-9b651ced96f8	Lung-SCC	88.28988407
87ac0ad4-8c9d-409e-9a86-1d201d01769d	Lung-SCC	348.2987922
376dfd27-68e8-4a1a-9c4f-5064279b2a9e	Lung-SCC	494.9328089
e6b72c24-1607-43b9-8b8a-7bf83eea5895	Lung-SCC	310.2658335
9af6ed4e-8cdc-4f49-84e9-ba1053b5b3ca	Lung-SCC	596.263839
585e6487-b0a3-4828-8a06-46bee01dff74	Lung-SCC	508.7325593
3d1f4059-2220-45b4-a4d2-b14f76cec96a	Lung-SCC	270.5420355
c2598334-f866-4cc3-93ec-2d2e8b85d319	Lung-SCC	186.7958733
ee850103-6314-41a3-9734-8b520de95b40	Lung-SCC	347.136168
b913d254-8307-4b8a-8313-d978e32bb38f	Lung-SCC	620.6660641
4182393	Lymph-BNHL	293.5087615
4119027	Lymph-BNHL	296.6126593
4125240	Lymph-BNHL	203.7254499
4190495	Lymph-BNHL	260.7506802
4189998	Lymph-BNHL	408.4293968
4135350	Lymph-BNHL	573.9236917
4159170	Lymph-BNHL	233.1825012
4194218	Lymph-BNHL	247.7054112
4163639	Lymph-BNHL	488.5657809
4105105	Lymph-BNHL	195.9906136
4189200	Lymph-BNHL	210.7673533
4175837	Lymph-BNHL	271.8042503
4108101	Lymph-BNHL	386.5808378
4130003	Lymph-BNHL	288.7003406
4112512	Lymph-BNHL	532.6619422
4134005	Lymph-BNHL	697.7168639
4104893	Lymph-BNHL	387.1840116
4177376	Lymph-BNHL	215.7729975
4135099	Lymph-BNHL	294.8212704
4177434	Lymph-BNHL	276.7315659
4133511	Lymph-BNHL	334.3157879
4177856	Lymph-BNHL	367.8480529
4142267	Lymph-BNHL	78.9571567
4194891	Lymph-BNHL	320.7782563
4127766	Lymph-BNHL	295.4320405
05506f4c-e701-4a9d-ae06-97f066aade43	Breast-AdenoCA	201.6151123
4102009	Lymph-BNHL	390.7809083
4160468	Lymph-BNHL	249.1707658
4170686	Lymph-BNHL	317.1875966
4172511	Lymph-BNHL	301.0104485
4174905	Lymph-BNHL	194.9145639
4191799	Lymph-BNHL	299.9055731
4166706	Lymph-BNHL	263.7092016
4176133	Lymph-BNHL	560.4336735
4184094	Lymph-BNHL	289.2051114
4177810	Lymph-BNHL	150.6733791
13f5814c-1f99-4ffa-84a4-3bbd8979faae	Ovary-AdenoCA	664.3274168
c8febeef-8e7e-459e-88cb-8086692dc559	Ovary-AdenoCA	416.2192
15556b28-c6bd-455a-87b6-4b7b3e33d0e4	Ovary-AdenoCA	1053.129088
5c127332-5ca0-45f1-a5ac-4876ad94e491	Ovary-AdenoCA	1530.896261
f34aa3b6-e966-49c6-bc55-130545772c53	Ovary-AdenoCA	499.3635777
f0c353fd-947c-41e2-b643-3ecc0d69796c	Ovary-AdenoCA	877.4954292
6d10d4ee-6331-4bba-93bc-a7b64cc0b22a	Ovary-AdenoCA	644.4954491
a5030259-cf9c-4a58-8710-b9da8ee59320	Ovary-AdenoCA	422.4192985
ee0a4a13-613e-4c5d-96c3-8083a013702d	Ovary-AdenoCA	517.4383357
58d34254-4f5b-40a4-9e9f-7160062fb2a4	Ovary-AdenoCA	445.8783326
4c18d9cf-4af4-4a86-8b1c-f78795fbbd7e	Ovary-AdenoCA	1153.480491
359f12f9-5c41-48a4-85bc-fd7e307bf7d8	Breast-AdenoCA	300.4444056
c435627c-159d-4a6d-a819-30abac24bf4d	Ovary-AdenoCA	774.9479808
e9483296-cb91-497a-b955-39a3c3289dac	Ovary-AdenoCA	489.258293
90f4b65c-cfd4-4066-a5b9-842885c172e2	Ovary-AdenoCA	843.9861904
65ddccd2-70a7-48b3-88e1-9d6fd1dcd11b	Ovary-AdenoCA	1025.594276
21f6bf91-dfc6-4a59-8b76-88a0f95c7b47	Ovary-AdenoCA	1092.220321
d3164236-c14a-4230-b527-ecd1a3992f02	Ovary-AdenoCA	938.5069272
786e8dbe-442e-4551-87b3-b4c333b04dd4	Breast-AdenoCA	160.5951557
7ca97692-0bf5-4bbd-81ce-10a051d04bd5	Ovary-AdenoCA	690.9966436
4b930a10-4b12-4428-84f9-3255b4a3bc4f	Ovary-AdenoCA	1020.33917
9fb1ba57-2007-4477-b000-2d36f163efd2	Ovary-AdenoCA	453.4693532
c9e28934-8379-4511-817c-d787f2c4ca3a	Ovary-AdenoCA	606.6836526
098acb76-0bf5-44e5-bcae-f919cf5fa5e5	Ovary-AdenoCA	998.3189106
29949b65-2913-4c86-bbd7-b85c5df6f15e	Ovary-AdenoCA	1221.31711
324bcba2-f6a4-45a6-807c-215bdffcca21	Breast-AdenoCA	106.6735395
ff530f28-0ec0-4494-bb54-44bb055bae1c	Ovary-AdenoCA	571.24234
ba68f2cf-9271-41fd-9655-1fac7681f588	Ovary-AdenoCA	564.1801785
2b14123b-8fcd-402c-9399-4e7c47f20252	Ovary-AdenoCA	952.5135428
700e91bb-d675-41b2-bbbd-935767c7b447	Ovary-AdenoCA	1048.012428
eeb9d147-608d-4692-8adf-2f601d23a8ff	Ovary-AdenoCA	618.117658
784de7ac-8424-42eb-83d4-a1bebaa42b97	Breast-AdenoCA	126.2715426
5e18b17d-4626-4b6d-8ac6-e560cee0376c	Ovary-AdenoCA	558.5691935
7dcc809b-e33a-4453-b92a-c00786f48cb0	Ovary-AdenoCA	647.2713098
30b8f4cd-9245-4496-a8a8-c3e59093bc0a	Ovary-AdenoCA	548.6631769
8bd68696-5eeb-46d7-9dc6-c39c849029a4	Breast-AdenoCA	120.4828029
e43d3769-e25f-4fb7-9080-ea26defaf094	Ovary-AdenoCA	603.4864372
2779fa01-ac93-4e80-a997-3385f72172c3	Breast-AdenoCA	235.8378825
66c92b9e-de3c-4d1a-bb69-46ffbc6caf33	Ovary-AdenoCA	737.3630251
62379be5-13f0-474b-94d3-6f944ec4ee96	Ovary-AdenoCA	696.2710214
b5b99291-507e-4b68-a039-9a0f571f55df	Breast-AdenoCA	254.2838304
0c1a2e7d-e7e4-481e-a012-ef214c444497	Ovary-AdenoCA	1328.519808
f5033d52-ec36-4e67-88d8-b6d898b81b2f	Ovary-AdenoCA	514.8330547
a824b3bd-34d5-4cc1-a92f-f9d6ac0f1814	Breast-AdenoCA	169.8859763
3c037acf-f453-4513-a6dd-129163ddde2a	Ovary-AdenoCA	551.3609251
1557183c-aedd-4df6-b98a-3654667f7b69	Breast-AdenoCA	160.9930957
0a48873a-092a-4b25-822b-b0b3c18c08a8	Ovary-AdenoCA	471.8556318
4eac2c98-86d2-4ee6-a1d3-157d013c78dc	Ovary-AdenoCA	356.0960276
3768d34f-1527-40db-b116-cd80cee5ec3a	Ovary-AdenoCA	537.5642094
8a6d2ce3-cc57-451b-9b07-8263782aa23f	Ovary-AdenoCA	840.2421812
206ce0ed-36a4-47ab-ac8e-f6fca6ac5c18	Ovary-AdenoCA	580.556487
ICGC_0006	Panc-AdenoCA	278.830799
ICGC_0007	Panc-AdenoCA	176.669018
ICGC_0009	Panc-AdenoCA	93.32527233
ICGC_0020	Panc-AdenoCA	219.2038085
ICGC_0021	Panc-AdenoCA	138.8748594
ICGC_0025	Panc-AdenoCA	95.29441698
ICGC_0026	Panc-AdenoCA	353.2200121
ICGC_0031	Panc-AdenoCA	81.1804168
ICGC_0033	Panc-AdenoCA	115.9656004
ICGC_0037	Panc-AdenoCA	229.8879142
ICGC_0048	Panc-AdenoCA	228.6158063
ICGC_0051	Panc-AdenoCA	59.04791034
ICGC_0055	Panc-AdenoCA	147.2423485
ICGC_0059	Panc-AdenoCA	144.2735694
ICGC_0061	Panc-AdenoCA	116.5182932
ICGC_0063	Panc-AdenoCA	143.6774745
ICGC_0066	Panc-AdenoCA	309.8098087
ICGC_0075	Panc-AdenoCA	128.5016229
ICGC_0105	Panc-AdenoCA	94.27898716
ICGC_0103	Panc-AdenoCA	198.1233868
ICGC_0109	Panc-AdenoCA	207.8833726
ICGC_0206	Panc-AdenoCA	81.49732157
ICGC_0205	Panc-AdenoCA	143.1767403
ICGC_0115	Panc-AdenoCA	136.0499297
ICGC_0207	Panc-AdenoCA	165.8781816
ICGC_0088	Panc-AdenoCA	142.6876348
ICGC_0139	Panc-AdenoCA	317.4548634
ICGC_0140	Panc-AdenoCA	423.7855182
ICGC_0141	Panc-AdenoCA	282.8327736
ICGC_0150	Panc-AdenoCA	638.9985282
ICGC_0114	Panc-AdenoCA	176.6740805
17c1d42c-cb84-4655-a4cd-b54bae17ecaf	Breast-AdenoCA	101.1680241
ICGC_0153	Panc-AdenoCA	302.4384259
ICGC_0149	Panc-AdenoCA	252.7490625
ICGC_0212	Panc-AdenoCA	132.662719
ICGC_0144	Panc-AdenoCA	227.7291024
f51af6db-2655-47fb-9ffc-83a503a728ea	Breast-AdenoCA	148.1898077
ICGC_0069	Panc-AdenoCA	269.8843511
ICGC_0223	Panc-AdenoCA	223.2685593
ICGC_0315	Panc-AdenoCA	158.7928301
ICGC_0217	Panc-AdenoCA	295.6230822
ICGC_0214	Panc-AdenoCA	108.706702
ICGC_0215	Panc-AdenoCA	122.055514
ICGC_0230	Panc-AdenoCA	153.6503281
1174f6e4-ffbe-4e59-a000-8d861c968369	Breast-AdenoCA	136.1416678
ICGC_0201	Panc-AdenoCA	132.8039705
ICGC_0224	Panc-AdenoCA	265.2028251
ICGC_0185	Panc-AdenoCA	225.2648835
ICGC_0296	Panc-AdenoCA	220.2655026
ICGC_0301	Panc-AdenoCA	131.1623613
ICGC_0303	Panc-AdenoCA	132.513964
ICGC_0304	Panc-AdenoCA	220.0471383
ICGC_0312	Panc-AdenoCA	258.8589994
ICGC_0295	Panc-AdenoCA	234.312498
ICGC_0309	Panc-AdenoCA	278.79499
ICGC_0300	Panc-AdenoCA	225.9081148
08da7c4c-3067-4bcf-9d7a-78566df72e69	Breast-AdenoCA	373.8492587
ICGC_0321	Panc-AdenoCA	116.3441473
ICGC_0338	Panc-AdenoCA	398.3319474
2d29a4ac-98e7-4663-9dd6-5681bc32ac2e	Breast-LobularCA	223.4670446
PCSI_0111	Panc-AdenoCA	419.1421793
PCSI_0103	Panc-AdenoCA	573.679246
PCSI_0019	Panc-AdenoCA	258.4341442
PCSI_0099	Panc-AdenoCA	1114.46602
PCSI_0078	Panc-AdenoCA	893.6962892
PCSI_0082	Panc-AdenoCA	598.1202941
PCSI_0086	Panc-AdenoCA	367.0929243
PCSI_0104	Panc-AdenoCA	1136.387418
PCSI_0044	Panc-AdenoCA	426.3540544
PCSI_0109	Panc-AdenoCA	480.2237151
PCSI_0084	Panc-AdenoCA	664.209739
PCSI_0081	Panc-AdenoCA	560.5763712
PCSI_0073	Panc-AdenoCA	473.9953235
PCSI_0074	Panc-AdenoCA	608.2643802
PCSI_0105	Panc-AdenoCA	861.9739106
PCSI_0072	Panc-AdenoCA	477.6809952
PCSI_0077	Panc-AdenoCA	394.8866384
PCSI_0080	Panc-AdenoCA	411.1106253
PCSI_0108	Panc-AdenoCA	302.6709693
PCSI_0048	Panc-AdenoCA	550.8843838
PCSI_0096	Panc-AdenoCA	322.890214
PCSI_0004	Panc-AdenoCA	570.7040077
PCSI_0046	Panc-AdenoCA	873.2007583
PCSI_0208	Panc-AdenoCA	805.854793
PCSI_0132	Panc-AdenoCA	500.7683806
ICGC_MB1	CNS-Medullo	354.6174274
ICGC_MB2	CNS-Medullo	188.7112925
ICGC_MB3	CNS-Medullo	197.2331559
ICGC_MB5	CNS-Medullo	131.7908785
ICGC_MB6	CNS-Medullo	175.5088254
ICGC_MB7	CNS-Medullo	637.7028727
ICGC_MB8	CNS-Medullo	232.1144238
ICGC_MB12	CNS-Medullo	213.3330937
ICGC_MB15	CNS-Medullo	130.4546441
ICGC_MB16	CNS-Medullo	195.4781012
ICGC_MB18	CNS-Medullo	245.0855623
ICGC_MB19	CNS-Medullo	296.114427
ICGC_MB20	CNS-Medullo	398.2119425
ICGC_MB21	CNS-Medullo	414.4892821
ICGC_MB23	CNS-Medullo	469.5916914
ICGC_MB24	CNS-Medullo	164.4713761
ICGC_MB26	CNS-Medullo	28.22922781
ICGC_MB28	CNS-Medullo	141.2126691
ICGC_MB31	CNS-Medullo	169.0927684
ICGC_MB32	CNS-Medullo	202.824719
ICGC_MB34	CNS-Medullo	119.0573276
ICGC_MB35	CNS-Medullo	42.25029018
ICGC_MB36	CNS-Medullo	86.6841464
ICGC_MB37	CNS-Medullo	52.11065801
ICGC_MB38	CNS-Medullo	135.434487
ICGC_MB39	CNS-Medullo	101.0454962
ICGC_MB45	CNS-Medullo	76.6430758
ICGC_MB46	CNS-Medullo	73.27027857
ICGC_MB49	CNS-Medullo	84.91881778
ICGC_MB50	CNS-Medullo	164.6193409
ICGC_MB51	CNS-Medullo	102.8347284
ICGC_MB58	CNS-Medullo	129.4080149
ICGC_MB64	CNS-Medullo	52.43027138
ICGC_MB65	CNS-Medullo	71.20902029
ICGC_MB83	CNS-Medullo	92.49636865
ICGC_MB84	CNS-Medullo	90.89930879
ICGC_MB85	CNS-Medullo	132.2102225
ICGC_MB86	CNS-Medullo	100.713786
ICGC_MB88	CNS-Medullo	91.90478434
ICGC_MB89	CNS-Medullo	124.7772102
ICGC_MB90	CNS-Medullo	35.19035218
ICGC_MB91	CNS-Medullo	173.5932477
ICGC_MB92	CNS-Medullo	143.2786284
ICGC_MB94	CNS-Medullo	184.3594481
ICGC_MB95	CNS-Medullo	186.2913457
ICGC_MB96	CNS-Medullo	68.23424956
ICGC_MB98	CNS-Medullo	114.2623546
MBRep_T27	CNS-Medullo	605.5944289
MBRep_T36	CNS-Medullo	293.3545309
MBRep_T40	CNS-Medullo	329.4039303
MBRep_T41	CNS-Medullo	282.2375795
MBRep_T54	CNS-Medullo	446.9001743
MBRep_T70	CNS-Medullo	801.7466217
MBRep_T71	CNS-Medullo	757.5157398
MBRep_T72	CNS-Medullo	257.7612912
MBRep_T79	CNS-Medullo	317.737173
ICGC_MB106	CNS-Medullo	88.87375515
ICGC_MB108	CNS-Medullo	129.8150083
ICGC_MB110	CNS-Medullo	87.1733208
ICGC_MB111	CNS-Medullo	208.033826
ICGC_MB114	CNS-Medullo	51.90197956
ICGC_MB115	CNS-Medullo	86.61141319
ICGC_MB118	CNS-Medullo	85.1258523
ICGC_MB119	CNS-Medullo	78.90764183
ICGC_MB121	CNS-Medullo	53.24572367
ICGC_MB134	CNS-Medullo	164.7372682
ICGC_MB129	CNS-Medullo	89.04535615
ICGC_MB131	CNS-Medullo	489.3297373
ICGC_MB132	CNS-Medullo	52.58343943
ICGC_MB139	CNS-Medullo	80.08456947
ICGC_PA9	CNS-PiloAstro	258.8998942
ICGC_PA10	CNS-PiloAstro	221.8249714
ICGC_PA11	CNS-PiloAstro	271.8237903
ICGC_PA12	CNS-PiloAstro	258.2716952
ICGC_PA14	CNS-PiloAstro	229.7575694
ICGC_PA17	CNS-PiloAstro	198.7603566
ICGC_PA20	CNS-PiloAstro	245.4166968
ICGC_PA21	CNS-PiloAstro	260.90463
ICGC_PA22	CNS-PiloAstro	303.8967448
ICGC_PA29	CNS-PiloAstro	283.5810567
ICGC_PA30	CNS-PiloAstro	194.7583796
ICGC_PA33	CNS-PiloAstro	241.6099955
ICGC_PA34	CNS-PiloAstro	189.399597
ICGC_PA36	CNS-PiloAstro	337.8930083
ICGC_PA37	CNS-PiloAstro	270.027466
ICGC_PA41	CNS-PiloAstro	328.0769536
ICGC_PA42	CNS-PiloAstro	251.5873279
ICGC_PA46	CNS-PiloAstro	201.4220374
ICGC_PA48	CNS-PiloAstro	356.2179288
ICGC_PA53	CNS-PiloAstro	145.4843538
ICGC_PA55	CNS-PiloAstro	145.8317435
ICGC_PA58	CNS-PiloAstro	129.0181005
ICGC_PA59	CNS-PiloAstro	147.2071105
ICGC_PA69	CNS-PiloAstro	223.0873878
ICGC_PA70	CNS-PiloAstro	294.0799164
ICGC_PA71	CNS-PiloAstro	162.4085082
ICGC_PA73	CNS-PiloAstro	152.0900783
ICGC_PA75	CNS-PiloAstro	246.188231
ICGC_PA82	CNS-PiloAstro	260.5600286
ICGC_PA84	CNS-PiloAstro	119.5434419
ICGC_PA86	CNS-PiloAstro	185.4354219
ICGC_PA87	CNS-PiloAstro	173.2532748
ICGC_PA88	CNS-PiloAstro	301.2076136
ICGC_PA91	CNS-PiloAstro	226.6855372
ICGC_PA92	CNS-PiloAstro	363.9832969
ICGC_PA94	CNS-PiloAstro	153.5572655
ICGC_PA96	CNS-PiloAstro	162.1680387
ICGC_PA99	CNS-PiloAstro	132.6685254
ICGC_PA100	CNS-PiloAstro	88.59248666
ICGC_PA109	CNS-PiloAstro	92.2063109
ICGC_PA110	CNS-PiloAstro	150.379905
ICGC_PA112	CNS-PiloAstro	279.0733302
ICGC_PA116	CNS-PiloAstro	238.9062914
ICGC_PA117	CNS-PiloAstro	183.9232559
ICGC_PA129	CNS-PiloAstro	711.242833
ICGC_PA134	CNS-PiloAstro	277.5924273
ICGC_PA135	CNS-PiloAstro	321.2868083
ICGC_PA142	CNS-PiloAstro	240.9719394
ICGC_PA143	CNS-PiloAstro	285.6923954
ICGC_PA144	CNS-PiloAstro	251.4309702
ICGC_PA150	CNS-PiloAstro	132.8366123
d67cd793-2931-429a-9084-2f3c4c8be7ad	Breast-AdenoCA	146.1326558
ICGC_PA159	CNS-PiloAstro	196.2704008
ICGC_PA161	CNS-PiloAstro	202.4672265
0007_CRUK_PC_0007	Prost-AdenoCA	224.7538423
0008_CRUK_PC_0008	Prost-AdenoCA	226.7113314
5dd69c3e-9a3d-450c-9f10-10b4d6daeeba	Prost-AdenoCA	217.2505123
18e79a01-07a2-4cd5-b700-71d41724e041	Prost-AdenoCA	250.7839092
dc40cf49-b208-4f59-b5f0-cfbdd02970b2	Prost-AdenoCA	259.9648497
c039014f-821c-43d6-9d3c-914f9c8d98fa	Prost-AdenoCA	446.9545708
91e249a6-b0b0-487e-9fad-0e9f5798dcae	Prost-AdenoCA	183.1267752
f6381367-142c-45d0-92b3-c1727d1813ce	Prost-AdenoCA	240.087902
6845076e-e940-4437-8618-81db4a447544	Prost-AdenoCA	250.856505
11fb5853-8eeb-4ad8-825d-3eaaf3fa08d6	Prost-AdenoCA	210.1342234
72802851-9340-4c5f-a90b-23b7afd7577a	ColoRect-AdenoCA	1255.701228
e2d395f8-bf13-4fe4-8031-683b0eedd875	ColoRect-AdenoCA	894.3615013
1388bba1-02ba-40df-93e5-c3d58b7bbae0	ColoRect-AdenoCA	720.779958
8feb0e8f-d09b-437d-8651-0cdecfe776bf	ColoRect-AdenoCA	374.7268918
1586cb0a-081a-4364-9470-46f9d0f0167d	ColoRect-AdenoCA	576.8428415
e5e4aa9f-6015-4d62-a088-69920d7f2500	ColoRect-AdenoCA	751.1122912
5d1d00c6-fcae-479e-ae1e-de76efd41d98	Breast-AdenoCA	206.8097724
db1e3104-8bfd-4353-854a-c478ba1f7d07	ColoRect-AdenoCA	1236.733959
10290e91-9784-4f94-8daa-b5d9a8b0efb9	ColoRect-AdenoCA	751.0875879
335d0351-3740-4847-9ff4-be2f078c70f7	ColoRect-AdenoCA	776.1187716
0cb21fb0-520f-4105-99ec-697a335115b5	ColoRect-AdenoCA	245.9531893
0bb786ee-07cf-4853-9b49-ec95cd14e282	ColoRect-AdenoCA	185.2848053
830fd359-abd4-4c99-89e4-2d6bb9ce5637	ColoRect-AdenoCA	862.0728806
8e00e7e7-ffaf-44f0-91a7-172671f18e08	ColoRect-AdenoCA	837.2936746
e6827400-0d95-46b0-8874-6ce9e9d5011b	ColoRect-AdenoCA	499.791147
9af35239-ffb9-4d4f-889e-f743da271eef	ColoRect-AdenoCA	755.970626
0eda7373-8335-455f-b90a-8c3540f28088	ColoRect-AdenoCA	1453.008954
40e17bf8-6c19-4e5e-b60d-ad54f504a970	Skin-Melanoma	200.3100885
7b92fcd4-f9be-4b97-94a2-b2e8348aeaba	Skin-Melanoma	262.5745744
b5e37b9b-6264-4cc8-9b44-1d8ac0692d6c	Skin-Melanoma	115.9787349
ce28f65d-4ae8-4e63-815f-5b8d4389e092	Skin-Melanoma	585.6030637
85400bf1-23e0-4e0f-8df7-f0d108641aee	Skin-Melanoma	434.8434789
3429967f-4f77-4894-bf27-c4a22698ca92	Skin-Melanoma	67.13647199
d8eac750-9daf-4465-b672-9e31fd369057	Skin-Melanoma	255.9862921
d7ee2693-39a8-4e3a-b6f6-e4729800e34e	Skin-Melanoma	231.8041604
8c54fcfd-999f-43c5-b31f-26d006f5fff3	Skin-Melanoma	457.6815316
1404791b-86bf-4dfd-85b4-c8ff356f109c	Skin-Melanoma	162.4061212
e36c9411-773b-4a8e-9b43-895b3cb044c7	Skin-Melanoma	81.21753808
76cc1d42-acec-46b3-9663-5e4de2550353	Skin-Melanoma	451.517871
c061ae6c-7a02-47c3-aecd-a56487c01603	Skin-Melanoma	126.9884391
5f6df69c-4ebf-4811-8b28-ad393dfbe1a3	Skin-Melanoma	240.4507745
a01a350d-64be-4af3-91c3-7d681c3db11d	Skin-Melanoma	183.9400836
3582fb74-f43d-4fcd-8f22-bb1506fcff1c	Skin-Melanoma	269.6362821
c2948fe9-5798-43bc-a743-511e94e417f8	Skin-Melanoma	72.33318106
210726bd-db19-48ae-9a3d-e6ac44480e85	Skin-Melanoma	254.1970723
4cdb18f5-47bf-475f-b34c-fa4912515268	Skin-Melanoma	334.8919078
68f75ab5-9d77-40c5-a8ce-f56016bbe9e4	Skin-Melanoma	363.4028217
7ce09a09-074e-4f38-bed7-98ab34347fbe	Skin-Melanoma	379.9554891
3409f118-1798-48d6-9556-12a5c77ebefb	Skin-Melanoma	119.8308291
01ad975d-c2ed-4e4d-bd3b-c9512fc9073c	Skin-Melanoma	205.7918083
238111f9-a08b-49b4-9035-cc43026330e7	Skin-Melanoma	67.74295459
5bc515c8-7727-4d69-98e9-31bbcb748550	Skin-Melanoma	62.51586152
be73fde2-d843-426b-9306-a02d3f2a754b	Skin-Melanoma	119.2365174
97d9dfc9-c937-48b4-b453-df081950419f	Skin-Melanoma	84.83218004
8cf54607-01ce-42b0-9bd9-8627edd9f3b7	Breast-AdenoCA	404.2412975
800d3a17-269f-4d97-94ff-8585f20038d8	Skin-Melanoma	201.8766402
647dc54f-a51b-40ea-9d97-c93598c2af71	Stomach-AdenoCA	164.5011246
e37cae9e-0656-4b89-b326-739a5cc859e0	Stomach-AdenoCA	709.9059903
0f00ad32-e4be-49d4-a02a-d233bfc913c5	Stomach-AdenoCA	141.8618649
8fccff71-3710-4cb9-b8af-61707aebe5d8	Stomach-AdenoCA	1187.306446
8d3e3d09-bc61-4d5e-b8d6-5aee6cb488ae	Stomach-AdenoCA	507.8751526
27988b3e-cde1-4f4b-82a1-6d8ad08db8e9	Stomach-AdenoCA	180.1782529
e2aaabd9-f4ba-4763-a28a-c14d46a4bc5d	Stomach-AdenoCA	256.3119748
39dd61a8-cd17-4df3-ae17-61e239eb00bd	Stomach-AdenoCA	363.0987499
35496e4e-598f-4ffc-b11e-8edaeb676079	Stomach-AdenoCA	510.8372948
53086e20-a727-40d6-b42d-8030109b5130	Stomach-AdenoCA	529.3008459
cb622cd6-776d-4681-8a67-4addd61c66b8	Stomach-AdenoCA	318.1360641
1ca3c5e0-32b0-4467-8ec0-ca212e35d2b3	Stomach-AdenoCA	196.6783705
e0916597-e489-45ef-a8f7-653a3c6591ef	Stomach-AdenoCA	581.0051746
c3cba26e-38c2-4569-afd6-6b045e604808	Stomach-AdenoCA	123.2397878
283776cd-32e8-4a79-bed1-1411c9d3a9e0	Stomach-AdenoCA	312.6100969
c991697f-77f9-412a-9bd1-0e47f7387cb2	Stomach-AdenoCA	181.6457836
8cb0144b-be6b-40a1-86a2-708f96d9b615	Stomach-AdenoCA	722.0535334
956017ba-5e4b-42c7-b93d-42316874ba93	Stomach-AdenoCA	644.7383311
2d291fa3-f0fd-4bc1-91a6-783863714190	Stomach-AdenoCA	323.1227865
87c217d4-66f4-46ca-8244-7856ce658fd3	Stomach-AdenoCA	269.8650917
0b4e8d73-459d-4930-9d1a-abb8d53e1844	Stomach-AdenoCA	187.8596419
0aecac64-5982-4d76-8f31-958f6a00951d	Stomach-AdenoCA	169.9867156
4fc8e011-4433-4537-b03f-457a3a70240f	Thy-AdenoCA	89.88587736
a09d0be0-fd41-4b30-b488-9a9f2abef8e7	Thy-AdenoCA	359.533072
8d54a2ed-03f1-4a23-bdd2-f3395f5d3716	Thy-AdenoCA	364.9378858
b0cb6ed7-3d9f-4d5e-8df5-edcc921c43b4	Thy-AdenoCA	171.9221979
f9cf605f-f287-4eba-8e8f-8ba47e14ecc4	Thy-AdenoCA	535.8447066
6ee95dc8-2bac-4691-afa2-8222e07506ad	Thy-AdenoCA	129.4637573
f9ceffc0-d544-418d-b4a9-bd3c84e37026	Thy-AdenoCA	105.0950374
dc4d8468-6f34-40cb-a826-8d582cd86fde	Thy-AdenoCA	580.694836
fef9c64f-5959-4da0-aaa2-66b56fc7b4c3	Thy-AdenoCA	125.237864
084c6aec-94f7-4090-8f3f-59fa9e89721a	Breast-AdenoCA	314.4807794
8a233b01-2959-467f-8950-02be16309156	Thy-AdenoCA	282.1114979
3e787a0e-b5d2-401e-b1e5-077376090b3a	Thy-AdenoCA	426.5887948
78d14f86-896a-4f98-9274-b2e8e387add9	Thy-AdenoCA	602.7162642
085ffcdc-8600-42e2-852a-506465f716a2	Thy-AdenoCA	213.3588406
a65ec434-9ae0-453f-b440-08bf25558fd1	Thy-AdenoCA	800.2036778
2501ee46-8d38-448b-8765-e9c9706cbbe8	Thy-AdenoCA	136.5343622
ef4cbd38-bc79-4d60-a715-647edd2ebe9e	Breast-LobularCA	193.5702038
39d90499-8549-4da5-b391-c421f18facf1	Thy-AdenoCA	205.3731696
e4b08e66-0772-4956-8670-e5c6553eecbe	Thy-AdenoCA	132.8437193
c0892598-1f7b-4f23-9cd8-731f797753d5	Breast-AdenoCA	172.3643138
a00da907-e527-45f9-9afb-2fad2c7b0940	Thy-AdenoCA	582.243072
934a58af-0ffc-487e-9e95-fa7643b7d5cb	Thy-AdenoCA	577.334851
861f94ce-45ff-4588-addb-e1ea48878c2e	Thy-AdenoCA	377.8050634
9d95a65b-e41d-4f93-92d4-99dce29ff40d	Breast-AdenoCA	218.6308867
2b865f8c-539f-4cb2-8f08-41709e9511e5	Uterus-AdenoCA	142.9171507
24118b8f-59fe-482a-aed3-7b1bde1571b7	Uterus-AdenoCA	326.7772367
a081da6f-51f3-4555-a6b8-736f8c6cda39	Uterus-AdenoCA	159.0694474
95e6d327-9ab7-45de-9527-f5634b3995c3	Uterus-AdenoCA	232.3979358
7b9947d5-e86b-4006-8890-ea5209584a88	Uterus-AdenoCA	212.0822746
7dce4215-01f6-43e9-9378-9e22c26c23a2	Uterus-AdenoCA	135.7558325
c88e3901-f3ee-436a-ba80-143c8eab7d69	Uterus-AdenoCA	285.3250588
ec7a9d74-8b3f-4747-8926-1739a016ab2b	Uterus-AdenoCA	137.7444091
d39df936-4bc6-404d-9e1d-f6416cc5a34c	Uterus-AdenoCA	167.7398373
f6d136c7-c250-4361-9fed-50f513959a40	Uterus-AdenoCA	138.9045956
de4e13c8-5ad0-46d2-ae54-b9ca22b939d8	Uterus-AdenoCA	346.7535732
5dd423e8-feaa-4568-a750-500948c41d6c	Breast-AdenoCA	542.6032669
9205c164-7975-421a-90c3-edfe8def595c	Uterus-AdenoCA	536.9648708
d17668c4-5d66-4e16-8b70-b54616581aae	Uterus-AdenoCA	122.0839888
c350b53b-3c27-4b9e-8b57-d7b6a1205a1f	Uterus-AdenoCA	211.2005336
d3d545b3-457f-4389-821f-704cb24aff7f	Breast-AdenoCA	351.5708496
1200c8b7-a058-4c01-bbe2-04ec09a65245	Uterus-AdenoCA	78.09438815
8d9e4917-334b-4c76-aee1-1e22be772db0	Uterus-AdenoCA	326.6948553
7861a5f2-8910-4bcb-9c34-f79c5acd6e21	Breast-AdenoCA	219.735837
944a102f-3475-45aa-9e30-4b92d1449f00	Uterus-AdenoCA	160.2776024
b60f22ac-a659-4f33-b01d-820e86a9a5c9	Uterus-AdenoCA	247.7147811
f7e06a10-74ca-4f52-a944-b3f22c016998	Uterus-AdenoCA	148.7550172
9aa8c2b4-db32-4899-bf0c-d578cb175e90	Uterus-AdenoCA	216.8910138
13f31bcb-befd-4ed2-adc0-dc9e9ce52b75	Uterus-AdenoCA	283.2054462
2b76cc9c-c379-43e4-9c3f-56197a3353be	Uterus-AdenoCA	411.4310211
d77e4dbc-b239-4742-8cb7-efd427010d13	Uterus-AdenoCA	63.03310596
45d58088-d3f4-4eb0-b75c-bcb98c0981dc	Uterus-AdenoCA	91.52516296
e9f4f373-37a5-48ad-a1a0-b0d47820111a	Breast-AdenoCA	77.64196197
7b7d2d2b-abe6-4f32-add0-3715096995d1	Uterus-AdenoCA	89.58783152
a587e62e-430e-4f1b-82b7-6fbe856fdaf1	Uterus-AdenoCA	230.4034583
ffaa98a0-2b69-46dc-aee5-c5c3f2abbc38	Uterus-AdenoCA	147.7685202
66e305ca-8a16-44f0-b837-85e529b7ad55	Uterus-AdenoCA	163.876165
f8ac5fd2-11f2-4b3a-a3a6-ff1a6d8e1cae	Uterus-AdenoCA	124.9633039
fba80122-d8b2-4d8d-a032-9767e8160f9f	Uterus-AdenoCA	137.6199447
b045f24b-f822-4df9-9ffa-47308edcec8c	Uterus-AdenoCA	169.936094
dee43082-4aa7-4650-981c-a779e9fe7b55	Uterus-AdenoCA	154.0104572
bd4284a7-260d-48b3-9b48-a1c578c30d27	Uterus-AdenoCA	122.0498498
5c22c8d6-5805-455c-8e1c-e6b8006738e4	Uterus-AdenoCA	237.6359113
c10b2885-70ea-4d32-bc48-8b85530df702	Uterus-AdenoCA	229.454132
94817e78-78f5-4556-9394-610df65605e2	Uterus-AdenoCA	147.284174
3a4a6aff-4720-41fc-a114-85f38610ebb1	Uterus-AdenoCA	59.76645819
79ecc142-8f6e-4260-a7ce-c8e2a6212c35	Uterus-AdenoCA	50.56601745
bad34c92-1e64-4187-a0b4-061105fd13ba	Uterus-AdenoCA	449.3624855
af37d8f0-fea0-47f6-be0a-2fb55a5da5c4	Uterus-AdenoCA	108.1401619
dcff8659-ecca-4798-80a3-dd6e7642ba2b	Uterus-AdenoCA	101.6116243
09066fbf-6a1d-46c9-a4c5-c53340c3d1ba	Uterus-AdenoCA	254.4795161
d2aa7d70-a25f-4a9e-9d52-37e372461824	Uterus-AdenoCA	347.9803206
e1e8dc66-467c-48a5-be56-3db4f665b9f1	Uterus-AdenoCA	169.7940364
5ffa2ec6-2d94-4b09-8fb9-3591cf38fa4f	Uterus-AdenoCA	209.8173861
71fed998-8fac-4e6b-b38a-22c83e05e958	Uterus-AdenoCA	114.3442748
e56491af-718f-4ca1-b3cd-0e5b3154697b	Uterus-AdenoCA	139.9905467
5d2f1a0f-a01b-48c2-b749-1ca710aa2bb4	Uterus-AdenoCA	296.7032985
490eabca-4575-4bd6-9604-6b6e23d069ce	ColoRect-AdenoCA	243.6518013
857a5889-19e7-4208-8362-f1377c408037	ColoRect-AdenoCA	189.8155178
c83d38fc-e011-4f75-a100-96513611f3e9	ColoRect-AdenoCA	225.8058689
e8ec26bd-c88d-42b9-ac8a-ab121b8140f8	ColoRect-AdenoCA	182.0322821
dd7a53ee-cb08-40c4-9935-51d1ca17e9e8	ColoRect-AdenoCA	148.846696
d8e9ea52-ff28-4626-baa3-71350fd53ddf	ColoRect-AdenoCA	219.0455587
300fff5a-0f61-402d-b845-3938ba7b1294	ColoRect-AdenoCA	118.3806538
d3b7ada6-5395-4212-a921-8e97c92b605d	ColoRect-AdenoCA	364.2811717
74a0264d-1d31-430d-9a88-e7334c8aa96c	ColoRect-AdenoCA	143.531895
84959e50-17f5-4f2b-8e0c-5ebb139d2c3a	ColoRect-AdenoCA	60.48303223
cb664eef-be6f-44ef-aa90-6f6da0e6440a	Bladder-TCC	302.4762243
53886143-c1c6-40e9-88e6-e4e5e0271fc8	Breast-AdenoCA	130.9345744
65cac997-4d39-4501-85ec-4fcb328a8eb5	Breast-AdenoCA	171.1683625
174850b4-5ec2-462b-a890-89bd1716b3c2	Breast-AdenoCA	92.45561118
14c65927-b9dd-4ef6-9917-db7bc431ff2f	Cervix-SCC	78.86714267
1db41963-a520-47f0-828c-ed5c626507b1	Kidney-RCC	74.33298604
8b3c068d-5090-4030-8e7e-39da005dee79	Kidney-RCC	201.2391123
925ae8ff-3200-4564-be76-94db0984b027	Kidney-RCC	909.9430052
0c151271-2cf9-43f4-9e9b-fe927de43131	Kidney-RCC	172.3737827
98a639c2-d615-4dc1-98f0-298752b69b09	Kidney-RCC	52.56994928
a8015490-9740-45c9-8bd2-eb6d1beefc2e	Breast-AdenoCA	130.7374545
b809c2f2-185c-496a-a1d4-589294443a1d	Kidney-RCC	335.5974566
36b46540-472f-4a4d-a801-b8b6ae660dc9	Kidney-RCC	583.7829939
d80f601b-1064-4ff0-9c51-7f6afb22d1f5	Kidney-RCC	242.3361818
2c084454-18e9-4837-9bba-7e91a73a48e0	Kidney-RCC	1161.30658
78412f82-cc55-43d5-96ca-1d02cf957725	Kidney-RCC	65.96036399
e4245fff-1281-40e5-87b4-4e42a18a3a63	Kidney-RCC	165.6445471
5580b21a-2cdb-4777-ad79-6e06654144f5	Breast-AdenoCA	224.1040255
CHC197	Liver-HCC	637.9467106
CHC205	Liver-HCC	1072.68699
CHC320	Liver-HCC	628.9025575
CHC322	Liver-HCC	426.2781792
CHC429	Liver-HCC	495.630698
CHC433	Liver-HCC	484.0022867
c95ed407-bcc2-44aa-bc59-bf7549f2d665	Liver-HCC	243.866308
c4c4820b-6f4c-4cdd-b233-4d22f5933fd9	Liver-HCC	191.3602805
65e430e1-0c9a-4045-83a9-653b7cff811d	Liver-HCC	183.538202
69d6881b-9e9a-407b-8b02-bad5fc2455bf	Liver-HCC	332.0372463
89791f8f-dc06-4a04-b166-afbfd6cf53de	Liver-HCC	748.3376574
457cca7c-a8b4-414e-a3c0-7fccf0ee2034	Liver-HCC	211.6168836
bce25281-502e-4599-9679-32dc8462ffb1	Liver-HCC	137.9413358
bd48fa5e-0152-46f0-a4fa-8cf723ff2dcd	Liver-HCC	152.4013182
d680df09-368e-42b5-b540-45c41ed31042	Liver-HCC	269.3604679
bee9d6c8-948f-4b76-97ca-b985064249ef	Liver-HCC	165.9300433
8afa3140-dcbd-44c0-ab13-4ada6a0444d4	Liver-HCC	103.7929915
56403463-1727-4c23-a709-de5f168c4073	Liver-HCC	266.8092294
9a56d8a8-dadd-442e-bc09-732cd619aef7	Liver-HCC	205.6617532
614c0ecf-6a84-4c86-8706-79be5bb00991	Liver-HCC	156.3362508
17833039-0d7e-47f0-90e6-8cabae94c124	Liver-HCC	67.84589603
a8c2aa08-9156-4845-ad77-5e060858c757	Liver-HCC	153.4219812
HX4	Liver-HCC	492.1574611
HX10	Liver-HCC	360.5946262
HX12	Liver-HCC	743.7428108
HX13	Liver-HCC	474.0660584
HX14	Liver-HCC	845.8679085
HX15	Liver-HCC	483.8698832
HX16	Liver-HCC	620.1945428
HX17	Liver-HCC	926.5728705
HX18	Liver-HCC	448.7710425
HX20	Liver-HCC	364.8793069
HX21	Liver-HCC	83.84182566
HX22	Liver-HCC	672.3097306
HX23	Liver-HCC	322.6040419
HX24	Liver-HCC	674.6642163
HX25	Liver-HCC	665.3708095
HX26	Liver-HCC	582.8100244
HX27	Liver-HCC	591.6261057
HX28	Liver-HCC	852.6362587
HX29	Liver-HCC	939.7959646
HX30	Liver-HCC	602.3271425
HX31	Liver-HCC	911.6154841
HX32	Liver-HCC	398.793652
HX33	Liver-HCC	936.8537633
HX34	Liver-HCC	930.3899363
HX35	Liver-HCC	1176.990935
HX36	Liver-HCC	1065.887363
HX37	Liver-HCC	540.8430273
RK001	Liver-HCC	649.9519717
RK002	Liver-HCC	212.1620934
RK003	Liver-HCC	451.6597265
RK004	Liver-HCC	645.0859681
RK005	Liver-HCC	341.2271124
RK006	Liver-HCC	245.377591
RK007	Liver-HCC	456.3404818
RK010	Liver-HCC	478.105287
RK014	Liver-HCC	420.9905344
RK015	Liver-HCC	441.2852945
RK016	Liver-HCC	847.9474678
RK019	Liver-HCC	597.1291238
RK020	Liver-HCC	396.9697414
RK021	Liver-HCC	524.6390067
RK022	Liver-HCC	548.8774675
RK023	Liver-HCC	514.9871283
RK024	Liver-HCC	254.2183141
RK026	Liver-HCC	277.4185583
RK027	Liver-HCC	1049.110078
RK029	Liver-HCC	645.9951246
RK031	Liver-HCC	296.0324948
RK032	Liver-HCC	786.0937849
RK033	Liver-HCC	282.7580825
RK034	Liver-HCC	210.4226958
RK035	Liver-HCC	605.1039958
RK036	Liver-HCC	1568.09751
RK037	Liver-HCC	964.8328368
RK041	Liver-HCC	432.7996727
RK042	Liver-HCC	382.3525563
RK044	Liver-HCC	262.5107441
RK046	Liver-HCC	530.3133306
RK047	Liver-HCC	413.268918
RK048	Liver-HCC	215.548459
RK049	Liver-HCC	355.1102204
RK051	Liver-HCC	630.7345751
RK052	Liver-HCC	927.9457285
RK056	Liver-HCC	988.3958413
RK058	Liver-HCC	987.9303232
RK061	Liver-HCC	903.5141
RK062	Liver-HCC	1088.593899
RK064	Liver-HCC	604.9427188
RK065	Liver-HCC	464.2435972
RK066	Liver-HCC	392.7053254
RK068	Liver-HCC	359.1140637
RK069	Liver-HCC	978.4612601
RK071	Liver-HCC	341.3253916
RK072	Liver-HCC	871.5319453
RK079	Liver-HCC	706.8095102
RK080	Liver-HCC	682.4038457
RK082	Liver-HCC	548.897192
RK086	Liver-HCC	200.637882
RK089	Liver-HCC	387.3524168
RK091	Liver-HCC	317.2900892
RK092	Liver-HCC	335.8115256
RK099	Liver-HCC	247.5796077
RK100	Liver-HCC	683.4413857
RK103	Liver-HCC	347.5756165
RK107	Liver-HCC	1053.383518
RK108	Liver-HCC	428.2521406
RK109	Biliary-AdenoCA	497.5258366
RK112	Liver-HCC	286.47335
RK115	Liver-HCC	585.485719
RK126	Liver-HCC	329.9797844
RK130	Liver-HCC	622.830395
RK138	Biliary-AdenoCA	196.0971828
RK141	Liver-HCC	407.5681009
RK146	Biliary-AdenoCA	293.8593077
RK147	Liver-HCC	814.3871499
RK148	Liver-HCC	747.36848
RK157	Liver-HCC	1058.913551
RK159	Biliary-AdenoCA	758.4014556
RK166	Liver-HCC	175.8732499
RK167	Liver-HCC	483.5385121
RK170	Liver-HCC	746.6635248
RK177	Liver-HCC	712.1728348
RK180	Liver-HCC	403.0311375
RK184	Liver-HCC	325.9025681
RK204	Biliary-AdenoCA	258.1037119
RK226	Biliary-AdenoCA	307.8242462
RK269	Biliary-AdenoCA	187.6299026
RK272	Biliary-AdenoCA	199.1105973
RK298	Biliary-AdenoCA	263.2891214
RK303	Biliary-AdenoCA	225.458804
RK308	Biliary-AdenoCA	700.8982343
RK310	Biliary-AdenoCA	749.3001118
RK312	Biliary-AdenoCA	283.4647939
045c13ef-3db7-4adf-b0a3-23338f0479f3	Breast-AdenoCA	153.0769145
AOCS-001	Ovary-AdenoCA	448.4227815
AOCS-004	Ovary-AdenoCA	482.7914424
AOCS-005	Ovary-AdenoCA	698.9651333
AOCS-034	Ovary-AdenoCA	572.0081374
AOCS-055	Ovary-AdenoCA	686.0393164
AOCS-056	Ovary-AdenoCA	653.5873532
AOCS-058	Ovary-AdenoCA	683.0538526
AOCS-059	Ovary-AdenoCA	494.5625029
AOCS-060	Ovary-AdenoCA	515.0102546
AOCS-061	Ovary-AdenoCA	379.8898604
AOCS-063	Ovary-AdenoCA	436.9427035
AOCS-064	Ovary-AdenoCA	1037.506929
AOCS-065	Ovary-AdenoCA	612.5298542
AOCS-075	Ovary-AdenoCA	459.3561514
790ff5db-b7f3-4946-aaed-305f66b1dd6a	Breast-AdenoCA	83.90499361
AOCS-078	Ovary-AdenoCA	538.5708208
AOCS-079	Ovary-AdenoCA	697.2793296
AOCS-080	Ovary-AdenoCA	516.5870171
AOCS-081	Ovary-AdenoCA	586.1591019
AOCS-083	Ovary-AdenoCA	785.8073537
AOCS-084	Ovary-AdenoCA	600.7577096
AOCS-085	Ovary-AdenoCA	719.1672322
AOCS-086	Ovary-AdenoCA	561.3558422
AOCS-088	Ovary-AdenoCA	493.0299905
AOCS-090	Ovary-AdenoCA	634.7646722
AOCS-091	Ovary-AdenoCA	1318.509354
AOCS-092	Ovary-AdenoCA	873.9280694
AOCS-094	Ovary-AdenoCA	858.6134783
AOCS-095	Ovary-AdenoCA	588.6019407
AOCS-096	Ovary-AdenoCA	579.2215644
AOCS-097	Ovary-AdenoCA	772.5364999
AOCS-104	Ovary-AdenoCA	667.8633512
AOCS-105	Ovary-AdenoCA	401.8073387
AOCS-106	Ovary-AdenoCA	1203.553031
AOCS-107	Ovary-AdenoCA	1302.770697
AOCS-108	Ovary-AdenoCA	793.6727994
AOCS-109	Ovary-AdenoCA	1111.488849
AOCS-111	Ovary-AdenoCA	677.8312765
AOCS-112	Ovary-AdenoCA	753.629064
AOCS-113	Ovary-AdenoCA	725.3141849
AOCS-114	Ovary-AdenoCA	998.4425688
AOCS-115	Ovary-AdenoCA	302.5233547
AOCS-116	Ovary-AdenoCA	1257.595388
AOCS-117	Ovary-AdenoCA	654.0803882
AOCS-120	Ovary-AdenoCA	519.6294263
AOCS-134	Ovary-AdenoCA	501.3626754
AOCS-138	Ovary-AdenoCA	334.0144446
AOCS-139	Ovary-AdenoCA	892.243815
AOCS-141	Ovary-AdenoCA	457.7539024
AOCS-142	Ovary-AdenoCA	478.6490731
AOCS-150	Ovary-AdenoCA	439.0895074
AOCS-153	Ovary-AdenoCA	507.2460779
AOCS-155	Ovary-AdenoCA	465.3865912
AOCS-157	Ovary-AdenoCA	705.4638687
AOCS-158	Ovary-AdenoCA	436.7333587
AOCS-159	Ovary-AdenoCA	725.8161837
AOCS-160	Ovary-AdenoCA	1237.984833
AOCS-161	Ovary-AdenoCA	938.9438343
AOCS-162	Ovary-AdenoCA	572.0555239
AOCS-163	Ovary-AdenoCA	733.8474354
AOCS-164	Ovary-AdenoCA	813.1661399
AOCS-165	Ovary-AdenoCA	545.1778045
AOCS-166	Ovary-AdenoCA	752.5101864
AOCS-167	Ovary-AdenoCA	375.7570481
AOCS-168	Ovary-AdenoCA	1078.644152
AOCS-169	Ovary-AdenoCA	458.7855791
AOCS-170	Ovary-AdenoCA	1241.600954
AOCS-171	Ovary-AdenoCA	503.2795949
ICGC_0425	Panc-Endocrine	86.2660743
ICGC_0427	Panc-Endocrine	156.3951123
ICGC_0428	Panc-Endocrine	151.883706
ICGC_0431	Panc-Endocrine	143.4635662
ICGC_0432	Panc-Endocrine	87.3824608
ICGC_0433	Panc-Endocrine	255.1227702
ICGC_0434	Panc-Endocrine	173.4958265
ICGC_0435	Panc-Endocrine	70.17892542
ICGC_0436	Panc-Endocrine	489.240047
ICGC_0437	Panc-Endocrine	262.1492616
ICGC_0438	Panc-Endocrine	144.273741
ICGC_0439	Panc-Endocrine	527.8739361
ICGC_0440	Panc-Endocrine	188.464172
ICGC_0441	Panc-Endocrine	341.5035379
ICGC_0446	Panc-Endocrine	97.93736268
ICGC_0447	Panc-Endocrine	85.01043897
ICGC_0449	Panc-Endocrine	240.0972548
ICGC_0453	Panc-Endocrine	152.6580018
ICGC_0455	Panc-Endocrine	212.5532474
ICGC_0456	Panc-Endocrine	43.19662232
CPCG0001	Prost-AdenoCA	211.5237273
CPCG0099	Prost-AdenoCA	509.1649799
CPCG0183	Prost-AdenoCA	807.1778016
CPCG0184	Prost-AdenoCA	442.3757296
e2b33861-2247-413f-b2e5-9be3b604666c	Prost-AdenoCA	161.5650763
C0001	Kidney-RCC	437.8619116
C0004	Kidney-RCC	336.8643815
C0009	Kidney-RCC	422.2141388
C0011	Kidney-RCC	340.7840246
C0013	Kidney-RCC	276.0297313
C0014	Kidney-RCC	340.2718125
C0015	Kidney-RCC	265.3940667
C0016	Kidney-RCC	550.8590884
C0019	Kidney-RCC	306.4930477
C0020	Kidney-RCC	208.7328653
C0021	Kidney-RCC	327.8169351
C0023	Kidney-RCC	687.6638465
C0025	Kidney-RCC	186.265708
C0027	Kidney-RCC	319.0493964
C0029	Kidney-RCC	536.7987829
C0031	Kidney-RCC	353.6694712
C0033	Kidney-RCC	358.3680016
C0035	Kidney-RCC	316.9510514
C0037	Kidney-RCC	341.4990692
C0039	Kidney-RCC	303.779532
C0041	Kidney-RCC	551.7724288
C0047	Kidney-RCC	306.3294561
C0049	Kidney-RCC	295.8079711
C0051	Kidney-RCC	174.3150125
C0057	Kidney-RCC	183.0624929
C0063	Kidney-RCC	478.016468
C0065	Kidney-RCC	246.5236162
C0071	Kidney-RCC	539.572446
C0073	Kidney-RCC	245.6011788
C0075	Kidney-RCC	398.3006695
C0077	Kidney-RCC	257.6503366
C0079	Kidney-RCC	309.0479108
C0081	Kidney-RCC	454.4745346
C0085	Kidney-RCC	380.0906097
C0091	Kidney-RCC	171.5628698
C0028	Kidney-RCC	591.0943795
C0030	Kidney-RCC	243.7919347
C0034	Kidney-RCC	236.4140376
C0036	Kidney-RCC	261.400895
C0038	Kidney-RCC	575.5998787
C0040	Kidney-RCC	255.1388893
C0042	Kidney-RCC	202.6254992
C0046	Kidney-RCC	656.422882
C0048	Kidney-RCC	177.4806241
C0050	Kidney-RCC	235.800274
C0052	Kidney-RCC	901.6853174
C0054	Kidney-RCC	509.7817637
C0066	Kidney-RCC	460.4465612
C0068	Kidney-RCC	153.9222251
C0070	Kidney-RCC	214.7993272
C0080	Kidney-RCC	416.7294797
C0082	Kidney-RCC	272.0495216
C0086	Kidney-RCC	241.4467034
C0094	Kidney-RCC	142.8050212
C0098	Kidney-RCC	463.275564
C0100	Kidney-RCC	468.6248676
3fc3755d-a3f8-4e2c-813f-ff124f2a75c1	Breast-AdenoCA	601.3402562
9c274536-3ca1-4f0e-93a8-1688074d862f	Bladder-TCC	122.4977419
C0008	Kidney-RCC	393.6392024
C0022	Kidney-RCC	372.4820892
905ea29f-588a-497b-9f06-2eef3bdc9442	Skin-Melanoma	246.6684483
296f44f9-3ecb-4b40-ae51-c3a06e3fbe00	Skin-Melanoma	347.4791699
d6283ab0-9019-4ad2-93aa-2e6b39cd9641	Skin-Melanoma	240.1093267
d32a4219-4cca-470f-b6b3-11447d9f5e0b	Skin-Melanoma	213.2314805
3fea3f02-2db3-44e0-984e-c61130d92c9b	Skin-Melanoma	273.6070258
f0787165-6f58-4d67-b510-928eea2c4882	Breast-AdenoCA	142.1957611
904a8757-e0c5-41ef-b583-c8f170caaac1	Bladder-TCC	83.69870836
d5efcde2-21e6-4071-9aa4-3c5688a45b3f	Stomach-AdenoCA	291.5568137
30a82e9f-2a2d-4a66-bdb1-26b881c21d01	Stomach-AdenoCA	601.7764125
aef8d98f-7a1c-47f3-b5a7-a3cb299c70de	Stomach-AdenoCA	119.3797967
c6316fb5-99a7-4adf-832f-dce44ddcd3aa	Stomach-AdenoCA	139.1388053
60879669-96c2-4710-82e0-0ae9d0e5b242	Stomach-AdenoCA	246.9069272
1e308b12-0590-4dae-94d0-a539fcf25df7	Bladder-TCC	349.9826454
4e9d13da-438d-4b5e-8e86-67432b5e9471	Stomach-AdenoCA	251.3888073
38a8b734-9acc-42f9-b5b7-e51b0dfc6504	Breast-AdenoCA	477.5464461
2b4f014f-74e9-4dda-a1ad-abcbd124fc44	Stomach-AdenoCA	125.46486
2b84cfbc-7cf6-4cb1-a1e3-ba85dafb89f4	Thy-AdenoCA	132.9079518
0c50a2c2-1d4c-45ca-9127-f96d4db18daf	Thy-AdenoCA	224.3213766
3ed614e7-f356-4d87-985b-d3bbbae3bb40	Bladder-TCC	313.214427
a40beabe-496e-4324-a1d1-5a7d8b002aab	Kidney-RCC	762.781395
f0f7e57f-1e9d-4f24-a685-a0811aacbbed	Kidney-RCC	33.4871102
45bdcfd6-1e3f-4be8-b843-ae949e8e43eb	Kidney-RCC	59.41717626
2030e10b-a4c2-460f-9e29-90c8a76ea05e	Kidney-RCC	209.092319
6c79f64b-63fe-46f5-bf7b-77208231b0f2	Liver-HCC	165.8344167
ICGC_0443	Panc-Endocrine	130.0015625
ICGC_0457	Panc-Endocrine	126.0476642
ICGC_0489	Panc-Endocrine	239.3808591
ICGC_0459	Panc-Endocrine	385.2602091
ICGC_0491	Panc-Endocrine	211.9443521
ICGC_0492	Panc-Endocrine	298.7335502
ICGC_0533	Panc-Endocrine	164.2575276
ICGC_0497	Panc-Endocrine	385.8620058
ICGC_0500	Panc-Endocrine	241.1704815
0006_CRUK_PC_0006	Prost-AdenoCA	436.0377472
ICGC_0498	Panc-Endocrine	108.1320157
ICGC_0501	Panc-Endocrine	84.21447879
RK059	Liver-HCC	868.4642968
RK070	Liver-HCC	517.0189324
RK077	Liver-HCC	490.1032802
RK081	Liver-HCC	496.6991122
RK111	Liver-HCC	408.363335
RK119	Liver-HCC	238.3139012
RK121	Liver-HCC	710.2274243
RK122	Liver-HCC	670.1929832
RK123	Liver-HCC	336.5121741
RK136	Liver-HCC	1048.105694
RK139	Liver-HCC	422.4533958
RK149	Liver-HCC	357.911408
RK154	Liver-HCC	631.3347222
RK171	Liver-HCC	457.4998634
RK175	Liver-HCC	407.8677323
RK176	Liver-HCC	729.7827723
RK181	Liver-HCC	477.2063585
RK183	Liver-HCC	563.2384759
RK185	Liver-HCC	437.0595389
RK186	Liver-HCC	312.7515407
RK187	Liver-HCC	646.8683425
RK188	Liver-HCC	206.7882174
RK190	Liver-HCC	514.6402582
RK193	Liver-HCC	867.1309222
RK195	Liver-HCC	601.0076563
RK196	Liver-HCC	475.0525164
RK197	Liver-HCC	646.6051665
RK199	Liver-HCC	443.7046858
RK200	Liver-HCC	434.6738071
RK202	Liver-HCC	303.7165266
RK205	Liver-HCC	479.5353568
RK211	Liver-HCC	393.6406286
RK214	Liver-HCC	965.8509113
RK216	Liver-HCC	649.3163901
RK217	Liver-HCC	645.9330931
RK219	Liver-HCC	384.5280329
RK220	Liver-HCC	502.4737353
ICGC_MB53	CNS-Medullo	122.2064066
ICGC_MB56	CNS-Medullo	128.9515555
ICGC_MB57	CNS-Medullo	142.708332
ICGC_MB59	CNS-Medullo	186.6485152
ICGC_MB60	CNS-Medullo	97.00755123
ICGC_MB66	CNS-Medullo	288.5608485
ICGC_MB67	CNS-Medullo	262.3507813
ICGC_MB69	CNS-Medullo	388.0882715
ICGC_MB74	CNS-Medullo	193.690579
ICGC_MB75	CNS-Medullo	644.945413
ICGC_MB76	CNS-Medullo	599.4274942
ICGC_MB77	CNS-Medullo	805.9013284
ICGC_MB78	CNS-Medullo	266.557743
ICGC_MB79	CNS-Medullo	184.0559689
ICGC_MB81	CNS-Medullo	354.3830912
ICGC_MB82	CNS-Medullo	353.2340673
ICGC_MB101	CNS-Medullo	136.8140711
ICGC_MB102	CNS-Medullo	82.7811595
ICGC_MB104	CNS-Medullo	105.3975155
ICGC_MB125	CNS-Medullo	572.7880893
ICGC_MB126	CNS-Medullo	1756.763902
ICGC_MB127	CNS-Medullo	662.5730658
ICGC_MB144	CNS-Medullo	131.1262104
ICGC_MB145	CNS-Medullo	258.5475769
ICGC_MB146	CNS-Medullo	89.47651481
ICGC_MB147	CNS-Medullo	261.6119152
ICGC_MB151	CNS-Medullo	443.2079004
ICGC_MB152	CNS-Medullo	383.9477581
ICGC_MB153	CNS-Medullo	227.9456406
ICGC_MB154	CNS-Medullo	182.7847014
ICGC_MB157	CNS-Medullo	241.9216731
ICGC_MB160	CNS-Medullo	86.02306321
ICGC_MB161	CNS-Medullo	363.4093336
ICGC_MB163	CNS-Medullo	101.8986681
ICGC_MB164	CNS-Medullo	94.42006974
ICGC_MB165	CNS-Medullo	71.89438961
ICGC_MB166	CNS-Medullo	34.70497371
ICGC_MB168	CNS-Medullo	124.7562882
ICGC_MB170	CNS-Medullo	155.5998462
ICGC_MB171	CNS-Medullo	78.12478958
ICGC_MB174	CNS-Medullo	263.8207243
ICGC_MB175	CNS-Medullo	75.77182007
ICGC_MB177	CNS-Medullo	151.4881912
ICGC_MB178	CNS-Medullo	129.2479038
ICGC_MB180	CNS-Medullo	220.989871
ICGC_MB181	CNS-Medullo	93.03980412
ICGC_MB183	CNS-Medullo	222.0213359
ICGC_MB184	CNS-Medullo	137.7963098
ICGC_MB185	CNS-Medullo	61.01948518
ICGC_MB186	CNS-Medullo	357.3065243
ICGC_MB188	CNS-Medullo	76.35305411
ICGC_MB189	CNS-Medullo	335.1639497
ICGC_MB190	CNS-Medullo	456.1741105
ICGC_MB198	CNS-Medullo	96.69688474
ICGC_MB199	CNS-Medullo	103.7764196
ICGC_MB205	CNS-Medullo	223.7733993
ICGC_MB211	CNS-Medullo	238.48589
ICGC_MB224	CNS-Medullo	309.1822604
ICGC_MB226	CNS-Medullo	390.4582242
ICGC_MB227	CNS-Medullo	371.5610225
ICGC_MB228	CNS-Medullo	266.2628972
ICGC_MB230	CNS-Medullo	260.3139008
ICGC_MB232	CNS-Medullo	315.1052397
ICGC_MB233	CNS-Medullo	283.5630346
ICGC_MB235	CNS-Medullo	526.4329875
ICGC_MB236	CNS-Medullo	569.9887966
ICGC_MB237	CNS-Medullo	419.6516959
ICGC_MB247	CNS-Medullo	388.3189514
ICGC_MB252	CNS-Medullo	831.6566818
0809ba8b-4ab6-4f43-934c-c1ccbc014a7e	Cervix-SCC	135.9489181
00bca18c-b3d4-45a3-8f19-034cc40449a4	Cervix-SCC	146.5049426
262311a0-7a10-4934-8fba-11ee581ad738	Cervix-SCC	143.7907711
110cd100-5730-4873-9fab-2ae6c8732062	Cervix-SCC	50.32210859
eb59cf69-1997-41b9-bf69-69ad7da292a1	Cervix-SCC	78.71289004
7941d1c7-5319-4e8d-a15f-60b61cb68a9b	Cervix-SCC	69.38496913
a3be445a-a592-4073-815b-47ae41f9c4a0	Cervix-AdenoCA	230.0588059
ICGC_0354	Panc-AdenoCA	371.5181715
ICGC_0391	Panc-AdenoCA	116.8819555
ICGC_0392	Panc-AdenoCA	125.9368163
ICGC_0393	Panc-AdenoCA	216.9357538
ICGC_0395	Panc-AdenoCA	148.3816905
ICGC_0486	Panc-AdenoCA	133.2540524
ICGC_0406	Panc-AdenoCA	191.5041553
ICGC_0412	Panc-AdenoCA	203.4668456
ICGC_0365	Panc-AdenoCA	166.7654036
ICGC_0417	Panc-AdenoCA	151.2366791
ICGC_0419	Panc-AdenoCA	214.5271698
ICGC_0420	Panc-AdenoCA	137.4262361
ICGC_0535	Panc-AdenoCA	154.4488643
ICGC_0502	Panc-AdenoCA	182.9632219
ICGC_0507	Panc-AdenoCA	266.2505981
ICGC_0521	Panc-AdenoCA	179.1445063
ICGC_0522	Panc-AdenoCA	376.2021133
ICGC_0543	Panc-AdenoCA	151.7184362
PCSI_0164	Panc-AdenoCA	1250.443501
PCSI_0218	Panc-AdenoCA	470.635857
PCSI_0279	Panc-AdenoCA	486.8258942
PCSI_0301	Panc-AdenoCA	463.7203132
PCSI_0305	Panc-AdenoCA	972.77105
PCSI_0307	Panc-AdenoCA	362.2872106
PCSI_0347	Panc-AdenoCA	651.5743773
PCSI_0348	Panc-AdenoCA	441.9654447
PCSI_0350	Panc-AdenoCA	530.947782
PCSI_0351	Panc-AdenoCA	529.1810858
PCSI_0352	Panc-AdenoCA	524.6378047
PCSI_0353	Panc-AdenoCA	871.7993708
PCSI_0355	Panc-AdenoCA	465.2044816
PCSI_0356	Panc-AdenoCA	380.952958
PCSI_0375	Panc-AdenoCA	808.3755066
PCSI_0403	Panc-AdenoCA	332.6752033
PCSI_0413	Panc-AdenoCA	125.084959
SNU_WGS_01	Myeloid-AML	375.8355126
SNU_WGS_02	Myeloid-AML	239.3908895
SNU_WGS_04	Myeloid-AML	1455.980949
SNU_WGS_05	Myeloid-AML	272.9710242
SNU_WGS_06	Myeloid-AML	171.684781
SNU_WGS_09	Myeloid-AML	296.5023538
SNU_WGS_10	Myeloid-AML	259.9265074
5d54c742-5a8e-4c40-8d62-95e75e210ab8	Bladder-TCC	251.2223697
ccd4a24b-d8cc-4686-9dee-c98b0c5a8d21	Breast-AdenoCA	251.6029328
c7f1b389-aec7-4993-8afb-b7a56064f8fc	Liver-HCC	72.57148594
b06cdf61-61c9-4035-a55d-1ef21dc21069	Kidney-RCC	241.4523368
072507cf-1249-4b28-86d4-3ab97822a74c	Kidney-RCC	147.1650277
f1ec5a7b-0973-4c38-9908-862196df9541	Kidney-RCC	51.30812574
8d28f586-3de5-4033-a9fd-4f67be406fb4	Kidney-RCC	72.84146915
493a4ff2-37a5-4b79-928d-83dbfe534556	Bladder-TCC	206.2434064
fb66b7f5-22ca-4d4d-97c2-30e6edfff781	Cervix-SCC	398.9704369
9aa36ac2-8418-4109-a3c1-63ca8742baab	Cervix-SCC	77.27654719
61eb08d0-ea01-45e7-884b-ac3d6070172a	Cervix-AdenoCA	77.8322588
c13215d9-26a8-4c8b-b4fe-5da6aa3222af	Cervix-SCC	136.2741853
613aa3e8-a70b-45a9-9c08-0c2346c8bf00	ColoRect-AdenoCA	104.0145441
d8d7a6c2-6427-4f47-968c-6c3affba4617	Breast-AdenoCA	109.2492026
OCCAMS-ED-007	Eso-AdenoCA	318.8582608
OCCAMS-ST-020	Eso-AdenoCA	247.1975181
OCCAMS-ZZ-016	Eso-AdenoCA	75.11459474
OCCAMS-AH-091	Eso-AdenoCA	195.4605537
OCCAMS-AH-112	Eso-AdenoCA	101.4383611
OCCAMS-AH-143	Eso-AdenoCA	267.9739402
OCCAMS-AH-011	Eso-AdenoCA	177.7428225
OCCAMS-AH-014	Eso-AdenoCA	320.8641443
OCCAMS-AH-036	Eso-AdenoCA	454.414171
OCCAMS-AH-042	Eso-AdenoCA	193.4416843
OCCAMS-AH-063	Eso-AdenoCA	183.1840712
OCCAMS-AH-064	Eso-AdenoCA	243.3734567
OCCAMS-AH-077	Eso-AdenoCA	371.5073704
OCCAMS-AH-086	Eso-AdenoCA	137.2701945
OCCAMS-AH-088	Eso-AdenoCA	196.9313568
OCCAMS-AH-108	Eso-AdenoCA	225.4146729
OCCAMS-AH-131	Eso-AdenoCA	138.5534034
OCCAMS-AH-135	Eso-AdenoCA	279.5720601
OCCAMS-AH-140	Eso-AdenoCA	164.4498631
OCCAMS-AH-173	Eso-AdenoCA	140.5688875
OCCAMS-AH-182	Eso-AdenoCA	156.9191376
OCCAMS-AH-183	Eso-AdenoCA	143.5136508
OCCAMS-GS-002	Eso-AdenoCA	310.5046524
OCCAMS-QE-095	Eso-AdenoCA	187.2813062
OCCAMS-RS-006	Eso-AdenoCA	146.9098841
OCCAMS-RS-014	Eso-AdenoCA	147.2362958
OCCAMS-RS-024	Eso-AdenoCA	141.8160834
OCCAMS-RS-032	Eso-AdenoCA	111.4595505
OCCAMS-RS-035	Eso-AdenoCA	145.5640682
OCCAMS-RS-036	Eso-AdenoCA	120.2311169
OCCAMS-SH-003	Eso-AdenoCA	150.7269393
OCCAMS-SH-051	Eso-AdenoCA	166.5555356
OCCAMS-SH-071	Eso-AdenoCA	126.5012388
OCCAMS-ST-023	Eso-AdenoCA	211.8039265
OCCAMS-ST-029	Eso-AdenoCA	198.5621459
OCCAMS-ST-035	Eso-AdenoCA	134.3952882
OCCAMS-ST-036	Eso-AdenoCA	144.6492944
OCCAMS-ST-041	Eso-AdenoCA	102.1598613
OCCAMS-WG-001	Eso-AdenoCA	172.2856122
OCCAMS-WG-002	Eso-AdenoCA	230.4994119
OCCAMS-WG-005	Eso-AdenoCA	216.8637284
OCCAMS-WG-006	Eso-AdenoCA	162.4593709
OCCAMS-ZZ-004	Eso-AdenoCA	320.5602413
OCCAMS-ZZ-009	Eso-AdenoCA	134.6479081
OCCAMS-ZZ-011	Eso-AdenoCA	75.39691491
OCCAMS-ZZ-019	Eso-AdenoCA	147.0414197
0080_CRUK_PC_0080	Prost-AdenoCA	381.6032132
0072_CRUK_PC_0072	Prost-AdenoCA	234.7252595
0075_CRUK_PC_0075	Prost-AdenoCA	356.1592105
0077_CRUK_PC_0077	Prost-AdenoCA	514.4728702
0071_CRUK_PC_0071	Prost-AdenoCA	340.2689026
0067_CRUK_PC_0067	Prost-AdenoCA	508.3483886
0069_CRUK_PC_0069	Prost-AdenoCA	389.8693363
0070_CRUK_PC_0070	Prost-AdenoCA	387.5698447
0093_CRUK_PC_0093	Prost-AdenoCA	332.4285277
0084_CRUK_PC_0084	Prost-AdenoCA	480.6964369
0089_CRUK_PC_0089	Prost-AdenoCA	559.1431263
0082_CRUK_PC_0082	Prost-AdenoCA	397.6403808
0091_CRUK_PC_0091	Prost-AdenoCA	1575.545412
OCCAMS-AH-120	Eso-AdenoCA	402.4110327
OCCAMS-AH-133	Eso-AdenoCA	116.2298472
OCCAMS-AH-146	Eso-AdenoCA	156.3966169
OCCAMS-AH-160	Eso-AdenoCA	302.9745917
OCCAMS-AH-196	Eso-AdenoCA	532.5634505
OCCAMS-AH-197	Eso-AdenoCA	150.6302249
OCCAMS-AH-213	Eso-AdenoCA	201.076587
OCCAMS-ED-041	Eso-AdenoCA	118.7878462
OCCAMS-RS-007	Eso-AdenoCA	135.6954622
OCCAMS-RS-010	Eso-AdenoCA	74.27481745
OCCAMS-RS-027	Eso-AdenoCA	253.4217658
OCCAMS-RS-028	Eso-AdenoCA	249.13731
OCCAMS-RS-029	Eso-AdenoCA	237.0978902
OCCAMS-RS-047	Eso-AdenoCA	120.4590114
OCCAMS-ST-030	Eso-AdenoCA	110.9118497
f05d314c-5ec5-4e2a-b785-9a702716f111	Breast-AdenoCA	602.0082726
RK221	Liver-HCC	352.3419328
RK222	Liver-HCC	608.0304306
RK224	Liver-HCC	341.333211
RK225	Liver-HCC	519.7034685
RK227	Liver-HCC	588.3085109
RK228	Liver-HCC	809.1507182
RK230	Liver-HCC	435.8642605
RK232	Liver-HCC	547.9549113
RK233	Liver-HCC	610.2256724
RK234	Liver-HCC	455.8995636
RK235	Liver-HCC	529.3426154
RK236	Liver-HCC	560.8124965
RK237	Liver-HCC	318.7937958
RK241	Liver-HCC	438.6555936
RK244	Liver-HCC	502.6679082
RK245	Liver-HCC	585.8553217
RK256	Liver-HCC	234.2676386
RK257	Liver-HCC	183.7670466
RK258	Liver-HCC	364.738966
RK259	Liver-HCC	589.4400943
RK260	Liver-HCC	493.129965
RK261	Liver-HCC	648.8659675
RK262	Liver-HCC	479.7570055
RK263	Liver-HCC	524.5305514
RK264	Liver-HCC	460.1147196
RK265	Liver-HCC	651.2026408
RK267	Liver-HCC	249.5535651
RK268	Liver-HCC	634.068842
RK270	Liver-HCC	762.696807
RK275	Liver-HCC	271.9945009
RK280	Liver-HCC	700.2866289
RK282	Liver-HCC	638.741041
RK283	Liver-HCC	390.7055738
RK284	Liver-HCC	589.1477846
RK285	Liver-HCC	446.2455174
RK287	Liver-HCC	890.434812
RK289	Liver-HCC	555.6853922
RK305	Liver-HCC	981.5527158
RK306	Liver-HCC	444.109005
RK338	Liver-HCC	879.9567226
CPCG0040	Prost-AdenoCA	297.8465705
CPCG0047	Prost-AdenoCA	140.9890897
CPCG0057	Prost-AdenoCA	223.72091
CPCG0063	Prost-AdenoCA	357.4759441
CPCG0073	Prost-AdenoCA	538.1287794
CPCG0078	Prost-AdenoCA	450.3970499
CPCG0081	Prost-AdenoCA	1326.505131
CPCG0083	Prost-AdenoCA	438.010657
CPCG0087	Prost-AdenoCA	478.1977065
CPCG0094	Prost-AdenoCA	203.4831702
CPCG0098	Prost-AdenoCA	584.9753606
CPCG0121	Prost-AdenoCA	223.9214138
CPCG0123	Prost-AdenoCA	322.7640874
CPCG0124	Prost-AdenoCA	285.959146
CPCG0127	Prost-AdenoCA	558.2277375
CPCG0128	Prost-AdenoCA	280.9580153
CPCG0154	Prost-AdenoCA	162.4537668
CPCG0158	Prost-AdenoCA	131.1968491
CPCG0185	Prost-AdenoCA	366.0372045
CPCG0189	Prost-AdenoCA	644.1263781
CPCG0191	Prost-AdenoCA	391.7686188
CPCG0196	Prost-AdenoCA	268.6470208
CPCG0201	Prost-AdenoCA	1584.560115
CPCG0208	Prost-AdenoCA	697.2374919
CPCG0210	Prost-AdenoCA	348.2275892
CPCG0211	Prost-AdenoCA	474.3344353
CPCG0213	Prost-AdenoCA	290.7946688
CPCG0217	Prost-AdenoCA	491.3321924
CPCG0232	Prost-AdenoCA	396.2586783
CPCG0233	Prost-AdenoCA	712.2053153
CPCG0234	Prost-AdenoCA	329.512052
CPCG0236	Prost-AdenoCA	695.5398959
CPCG0241	Prost-AdenoCA	420.0373958
CPCG0242	Prost-AdenoCA	485.3513634
CPCG0246	Prost-AdenoCA	473.600754
CPCG0248	Prost-AdenoCA	277.0673968
CPCG0249	Prost-AdenoCA	528.2352054
CPCG0250	Prost-AdenoCA	353.4949447
CPCG0255	Prost-AdenoCA	1118.763515
CPCG0259	Prost-AdenoCA	590.4092988
CPCG0262	Prost-AdenoCA	543.7411992
CPCG0263	Prost-AdenoCA	280.1134691
CPCG0265	Prost-AdenoCA	544.2726716
CPCG0266	Prost-AdenoCA	268.1025014
CPCG0267	Prost-AdenoCA	240.2402241
CPCG0269	Prost-AdenoCA	460.6872001
CPCG0324	Prost-AdenoCA	358.5752427
CPCG0331	Prost-AdenoCA	465.5509439
CPCG0334	Prost-AdenoCA	584.4741289
CPCG0336	Prost-AdenoCA	498.5373261
CPCG0339	Prost-AdenoCA	433.5134037
CPCG0340	Prost-AdenoCA	640.4030183
CPCG0341	Prost-AdenoCA	331.5289792
CPCG0342	Prost-AdenoCA	972.2917607
CPCG0344	Prost-AdenoCA	459.8515688
CPCG0345	Prost-AdenoCA	497.8737946
CPCG0346	Prost-AdenoCA	272.0338656
CPCG0348	Prost-AdenoCA	602.2174978
CPCG0350	Prost-AdenoCA	404.9287827
CPCG0352	Prost-AdenoCA	499.0232511
CPCG0354	Prost-AdenoCA	350.8845821
CPCG0356	Prost-AdenoCA	581.706842
CPCG0357	Prost-AdenoCA	313.7727265
CPCG0358	Prost-AdenoCA	450.0170275
CPCG0361	Prost-AdenoCA	341.5686838
CPCG0363	Prost-AdenoCA	485.0817867
CPCG0364	Prost-AdenoCA	423.1602762
CPCG0365	Prost-AdenoCA	463.158246
CPCG0366	Prost-AdenoCA	227.9326246
CPCG0369	Prost-AdenoCA	490.7574053
CPCG0371	Prost-AdenoCA	382.4809498
CPCG0375	Prost-AdenoCA	645.8755568
CPCG0378	Prost-AdenoCA	572.2674979
CPCG0379	Prost-AdenoCA	548.8207152
CPCG0380	Prost-AdenoCA	548.0283958
CPCG0387	Prost-AdenoCA	420.1509108
CPCG0388	Prost-AdenoCA	487.4842422
CPCG0392	Prost-AdenoCA	356.9309764
CPCG0404	Prost-AdenoCA	785.9779638
CPCG0407	Prost-AdenoCA	365.8519986
CPCG0412	Prost-AdenoCA	330.6873993
CPCG0413	Prost-AdenoCA	521.1104852
CPCG0414	Prost-AdenoCA	376.4384344
ITNET-1081	Panc-Endocrine	115.1698323
ITNET-1257	Panc-Endocrine	144.8873977
ITNET-1265	Panc-Endocrine	100.3137784
ITNET-1266	Panc-Endocrine	89.85173953
ITNET-1270	Panc-Endocrine	104.9182054
ITNET-1273	Panc-Endocrine	140.7968577
ITNET-1286	Panc-Endocrine	272.5984085
ITNET-1288	Panc-Endocrine	115.7033456
ITNET-1293	Panc-Endocrine	195.2264675
ITNET-1301	Panc-Endocrine	109.0995132
ITNET-1304	Panc-Endocrine	211.7809652
ITNET-1308	Panc-Endocrine	114.1824206
ITNET-1309	Panc-Endocrine	210.1328239
ITNET-1312	Panc-Endocrine	196.4770419
ITNET-1314	Panc-Endocrine	8.335047751
ITNET-1317	Panc-Endocrine	293.6855572
ITNET-1320	Panc-Endocrine	235.7205194
b85b14d7-3b5a-4800-af12-622ec03b9fe5	Skin-Melanoma	330.3486053
PCSI_0466	Panc-AdenoCA	1206.355047
PCSI_0174	Panc-AdenoCA	724.435183
PCSI_0325	Panc-AdenoCA	663.4926595
PCSI_0269	Panc-AdenoCA	382.484625
PCSI_0161	Panc-AdenoCA	471.6778934
PCSI_0175	Panc-AdenoCA	367.7063382
PCSI_0300	Panc-AdenoCA	641.3300059
PCSI_0274	Panc-AdenoCA	564.8903856
PCSI_0292	Panc-AdenoCA	964.2597514
PCSI_0467	Panc-AdenoCA	1039.286005
PCSI_0015	Panc-AdenoCA	1345.476904
PCSI_0230	Panc-AdenoCA	1228.247099
PCSI_0268	Panc-AdenoCA	561.3030733
PCSI_0324	Panc-AdenoCA	334.9991529
PCSI_0264	Panc-AdenoCA	791.2803385
PCSI_0170	Panc-AdenoCA	727.7592071
PCSI_0338	Panc-AdenoCA	426.1377744
PCSI_0253	Panc-AdenoCA	335.6670494
PCSI_0145	Panc-AdenoCA	425.9033739
PCSI_0508	Panc-AdenoCA	370.9670217
PCSI_0458	Panc-AdenoCA	266.2115933
PCSI_0173	Panc-AdenoCA	352.6107829
PCSI_0261	Panc-AdenoCA	806.3562476
PCSI_0285	Panc-AdenoCA	706.6823409
PCSI_0310	Panc-AdenoCA	334.3599005
PCSI_0354	Panc-AdenoCA	277.2981927
PCSI_0469	Panc-AdenoCA	1075.736289
PCSI_0450	Panc-AdenoCA	187.9347845
PCSI_0504	Panc-AdenoCA	453.3917406
PCSI_0287	Panc-AdenoCA	942.6291002
PCSI_0345	Panc-AdenoCA	367.0312732
PCSI_0326	Panc-AdenoCA	820.7328685
PCSI_0162	Panc-AdenoCA	729.7371248
PCSI_0228	Panc-AdenoCA	492.9941298
PCSI_0341	Panc-AdenoCA	1013.263702
PCSI_0248	Panc-AdenoCA	240.9670088
PCSI_0142	Panc-AdenoCA	455.4093326
PCSI_0453	Panc-AdenoCA	295.4542205
PCSI_0226	Panc-AdenoCA	754.4377645
PCSI_0457	Panc-AdenoCA	191.2785703
PCSI_0227	Panc-AdenoCA	748.4693827
PCSI_0465	Panc-AdenoCA	463.9782899
PCSI_0392	Panc-AdenoCA	424.3385844
PCSI_0337	Panc-AdenoCA	389.2296235
PCSI_0217	Panc-AdenoCA	511.7443084
PCSI_0286	Panc-AdenoCA	652.957843
PCSI_0294	Panc-AdenoCA	449.6689941
PCSI_0468	Panc-AdenoCA	1088.269262
PCSI_0297	Panc-AdenoCA	461.673898
PCSI_0290	Panc-AdenoCA	702.2290734
PCSI_0492	Panc-AdenoCA	1190.749692
PCSI_0329	Panc-AdenoCA	455.4206534
PCSI_0473	Panc-AdenoCA	590.7985354
PCSI_0302	Panc-AdenoCA	623.3261554
PCSI_0280	Panc-AdenoCA	546.1506533
PCSI_0334	Panc-AdenoCA	368.6747052
PCSI_0451	Panc-AdenoCA	228.7737244
PCSI_0210	Panc-AdenoCA	803.9336352
PCSI_0240	Panc-AdenoCA	580.9394879
PCSI_0284	Panc-AdenoCA	804.4755558
PCSI_0456	Panc-AdenoCA	307.7753887
PCSI_0171	Panc-AdenoCA	541.70248
PCSI_0239	Panc-AdenoCA	359.170726
PCSI_0146	Panc-AdenoCA	783.9742622
6a6c1569-1045-4ed3-acdb-5c45e47614ca	Kidney-RCC	176.6942043
374f614a-bcd1-4283-ac6f-fc27ddc79987	Cervix-SCC	110.1832799
7c93642d-7e05-40f8-b1ef-a014edcfba42	Cervix-SCC	52.63833936
00ad0ffe-2105-4829-a495-1c2aceb5bb31	Cervix-SCC	109.7814281
9c45eaec-d854-4f51-80a3-2d80d6b4aebc	ColoRect-AdenoCA	274.450284
A10-0015_CRUK_PC_0015	Prost-AdenoCA	255.2052788
A22-0016_CRUK_PC_0016	Prost-AdenoCA	488.4917715
A31-0018_CRUK_PC_0018	Prost-AdenoCA	644.8306532
A32-0019_CRUK_PC_0019	Prost-AdenoCA	717.574059
283	Lymph-CLL	149.8247228
776	Lymph-CLL	163.8588936
783	Lymph-CLL	152.7454926
233b02f3-c4f0-4a67-9db5-e68d5cdaccb6	Breast-AdenoCA	149.0352298
bd75d8ee-916b-4abc-bf33-bce6a4217076	Head-SCC	223.6345141
ITNET-0026	Panc-Endocrine	132.1259047
ITNET-0028	Panc-Endocrine	625.2792172
ITNET-0052	Panc-Endocrine	776.9425792
ITNET-0087	Panc-Endocrine	445.5746915
ITNET-0100	Panc-Endocrine	151.7612602
ITNET-0107	Panc-Endocrine	493.0098936
ITNET-0118	Panc-Endocrine	147.2645875
ITNET-0124	Panc-Endocrine	268.0827533
ITNET-0128	Panc-Endocrine	137.0609891
ITNET-0134	Panc-Endocrine	573.80159
ITNET-0144	Panc-Endocrine	220.2338004
ITNET-0148	Panc-Endocrine	246.6224437
ITNET-0151	Panc-Endocrine	61.12092473
ITNET-0152	Panc-Endocrine	102.7541552
ITNET-0673	Panc-Endocrine	952.8460452
ITNET-0681	Panc-Endocrine	87.91247018
ITNET-0695	Panc-Endocrine	622.9893357
ITNET-0700	Panc-Endocrine	219.0867706
ITNET-0783	Panc-Endocrine	214.9212456
ITNET-0797	Panc-Endocrine	119.7059233
ITNET-0813	Panc-Endocrine	352.4965112
ITNET-0833	Panc-Endocrine	209.4398088
ITNET-0850	Panc-Endocrine	137.8970238
ITNET-0900	Panc-Endocrine	225.0403874
ITNET-0935	Panc-Endocrine	189.0330694
ITNET-0938	Panc-Endocrine	189.1695135
ITNET-0941	Panc-Endocrine	172.1322903
ITNET-0968	Panc-Endocrine	136.186523
ITNET-0993	Panc-Endocrine	308.2222954
ITNET-1000	Panc-Endocrine	225.6840262
ITNET-1027	Panc-Endocrine	158.3737771
ITNET-1047	Panc-Endocrine	93.13334129
ITNET-1050	Panc-Endocrine	264.8800811
ITNET-1053	Panc-Endocrine	175.0583122
ee63c44b-91f4-4004-8dea-192eab527036	Liver-HCC	97.37383607
56a82a56-0241-4d3d-9de2-696b0c36df91	Liver-HCC	101.6447835
cede5274-279d-4021-8aca-5ecc4bf94d66	Bladder-TCC	228.8503124
1987b453-f97d-45c7-9c89-b9a33313d645	Liver-HCC	294.0332769
733a2a0f-b37a-4b81-b49e-3c0f30d1eb37	Breast-AdenoCA	81.49542157
EOPC-019	Prost-AdenoCA	168.4895408
EOPC-025	Prost-AdenoCA	171.7941451
EOPC-027	Prost-AdenoCA	149.7272398
EOPC-028	Prost-AdenoCA	174.6728001
EOPC-029	Prost-AdenoCA	166.3341901
EOPC-030	Prost-AdenoCA	275.3164131
EOPC-031	Prost-AdenoCA	277.6972445
EOPC-033	Prost-AdenoCA	185.0023948
EOPC-034	Prost-AdenoCA	219.60616
EOPC-035	Prost-AdenoCA	236.3209392
EOPC-036	Prost-AdenoCA	221.778449
EOPC-037	Prost-AdenoCA	184.3313213
EOPC-038	Prost-AdenoCA	206.306374
EOPC-040	Prost-AdenoCA	169.8034539
EOPC-041	Prost-AdenoCA	94.96631542
EOPC-049	Prost-AdenoCA	312.4883262
EOPC-052	Prost-AdenoCA	186.4451652
CGP_donor_1309223	Breast-AdenoCA	303.0151871
CGP_donor_1337235	Breast-AdenoCA	291.9828637
CGP_donor_1347737	Breast-AdenoCA	363.3893164
CGP_donor_1353431	Breast-AdenoCA	488.6457143
CGP_donor_1353432	Breast-AdenoCA	1119.706559
CGP_donor_1363969	Breast-AdenoCA	319.1881338
CGP_donor_1374619	Breast-AdenoCA	292.1652878
CGP_donor_1410210	Breast-AdenoCA	307.0268176
CGP_donor_1456607	Breast-AdenoCA	711.7085756
CGP_donor_1472394	Breast-AdenoCA	445.530712
CGP_donor_1472395	Breast-AdenoCA	473.8502292
CGP_donor_1503143	Breast-AdenoCA	574.6064558
CGP_donor_1606179	Breast-AdenoCA	632.6962245
CGP_donor_1654385	Breast-AdenoCA	1248.708554
CGP_donor_1701345	Breast-AdenoCA	764.956429
CGP_donor_1602516	Bone-Epith	240.0832729
CGP_donor_1602529	Bone-Epith	419.5243422
CGP_donor_1691121	Bone-Epith	388.3239297
CGP_donor_1691124	Bone-Benign	465.636456
CGP_donor_1691133	Bone-Osteosarc	338.7693199
CGP_donor_1691134	Bone-Epith	421.3594343
CGP_donor_1691135	Bone-Osteosarc	212.3054933
CGP_donor_1691138	Bone-Epith	415.4673038
CGP_donor_1691145	Bone-Epith	417.9305764
CGP_donor_1691147	Bone-Osteosarc	250.8815657
CGP_donor_1691149	Bone-Osteosarc	440.0286254
CGP_donor_1691150	Bone-Epith	726.635801
CGP_donor_1691151	Bone-Benign	810.7227188
CGP_donor_1691154	Bone-Epith	510.7438626
CGP_donor_1691205	Bone-Osteosarc	293.1340061
CGP_donor_1691207	Bone-Osteosarc	344.3035955
CGP_donor_1691208	Bone-Osteosarc	248.9209093
CGP_donor_1691209	Bone-Osteosarc	362.1469373
CGP_donor_1691210	Bone-Osteosarc	337.8772935
CGP_donor_1691211	Bone-Osteosarc	1254.270084
CGP_donor_1691212	Bone-Osteosarc	784.4252919
CGP_donor_1691213	Bone-Osteosarc	376.4217827
CGP_donor_1691215	Bone-Osteosarc	543.3805366
CGP_donor_1691217	Bone-Osteosarc	352.2917704
CGP_donor_1397077	Bone-Osteosarc	347.0037115
CGP_donor_1397080	Bone-Osteosarc	457.9543453
CGP_donor_1397082	Bone-Osteosarc	744.5566753
CGP_donor_1397083	Bone-Osteosarc	392.0557369
CGP_donor_1397084	Bone-Osteosarc	293.2457496
CGP_donor_1424143	Bone-Osteosarc	377.9636836
CGP_donor_1437403	Bone-Osteosarc	882.0908271
CGP_donor_1437404	Bone-Osteosarc	645.11185
CGP_donor_1437405	Bone-Osteosarc	326.252886
CGP_donor_1437406	Bone-Osteosarc	225.1206931
CGP_donor_1437407	Bone-Osteosarc	564.2158139
CGP_donor_1437408	Bone-Osteosarc	278.0590754
CGP_donor_1437409	Bone-Osteosarc	271.6373679
CGP_donor_1437410	Bone-Benign	615.956623
CGP_donor_1437411	Bone-Benign	360.6418552
CGP_donor_1437413	Bone-Benign	384.4044
CGP_donor_1437414	Bone-Benign	366.8249923
CGP_donor_1437416	Bone-Benign	340.116879
CGP_donor_1437418	Bone-Benign	313.6206831
CGP_donor_1475256	Bone-Osteosarc	437.8174595
CGP_donor_1490908	Bone-Osteosarc	598.4385317
CGP_donor_1528364	Bone-Osteosarc	466.173788
CGP_donor_1528374	Bone-Osteosarc	1187.25658
CGP_donor_1528381	Bone-Osteosarc	308.2681956
4134434	Lymph-BNHL	589.3275299
4160100	Lymph-BNHL	360.0663978
4136702	Lymph-BNHL	355.6327544
4110378	Lymph-BNHL	406.0554006
4115001	Lymph-BNHL	472.431765
4145177	Lymph-BNHL	263.7001402
4149246	Lymph-BNHL	227.9558176
4157186	Lymph-BNHL	282.1412654
4188879	Lymph-BNHL	659.4013573
4119279	Lymph-BNHL	399.8183619
4133263	Lymph-BNHL	456.3977242
4166503	Lymph-BNHL	169.4374487
4142605	Lymph-BNHL	285.9204108
4178655	Lymph-BNHL	291.9333617
4189035	Lymph-BNHL	299.6900547
4150895	Lymph-BNHL	264.2483616
4199996	Lymph-BNHL	201.5402976
4190784	Lymph-BNHL	220.3947214
4145056	Lymph-BNHL	132.1345018
4188398	Lymph-BNHL	711.7027798
4166151	Lymph-BNHL	285.0512885
4193638	Lymph-BNHL	400.1890242
4196670	Lymph-BNHL	341.0323798
4199714	Lymph-BNHL	749.9505072
4147081	Lymph-BNHL	225.6881181
4128477	Lymph-BNHL	517.8348317
4131095	Lymph-BNHL	349.8306832
4144633	Lymph-BNHL	856.7294718
4120157	Lymph-BNHL	366.5101638
4144951	Lymph-BNHL	599.2205627
4145528	Lymph-BNHL	584.8478305
4147968	Lymph-BNHL	280.9138956
4108992	Lymph-BNHL	165.4466135
4111326	Lymph-BNHL	618.414956
4111337	Lymph-BNHL	809.3386102
4113191	Lymph-BNHL	156.1045181
4113825	Lymph-BNHL	199.8502273
4178310	Lymph-BNHL	241.2095736
58	Lymph-CLL	223.2830264
84	Lymph-CLL	193.2303684
115	Lymph-CLL	238.9416648
134	Lymph-CLL	437.0527169
139	Lymph-CLL	173.1191829
151	Lymph-CLL	125.2938592
176	Lymph-CLL	194.2528346
177	Lymph-CLL	181.1506776
179	Lymph-CLL	193.4185955
199	Lymph-CLL	268.7056376
244	Lymph-CLL	152.0824333
343	Lymph-CLL	181.1252303
467	Lymph-CLL	187.5373194
519	Lymph-CLL	191.5886905
577	Lymph-CLL	149.6848403
594	Lymph-CLL	216.2029354
628	Lymph-CLL	243.6087882
661	Lymph-CLL	333.458063
677	Lymph-CLL	361.717557
802	Lymph-CLL	115.3294023
824	Lymph-CLL	193.7159461
832	Lymph-CLL	119.9101913
CGP_donor_1600815	Myeloid-MPN	95.61621098
CGP_donor_1600816	Myeloid-MPN	80.0530424
CGP_donor_1600817	Myeloid-MDS	80.45187385
CGP_donor_1600818	Myeloid-MPN	150.2547153
CGP_donor_1600819	Myeloid-AML	291.3059578
CGP_donor_1605283	Myeloid-MPN	83.27270755
CGP_donor_1733897	Myeloid-AML	144.8387295
CGP_donor_1178366	Myeloid-MPN	65.69797372
CGP_donor_1309162	Myeloid-MPN	58.22296431
CGP_donor_1338695	Myeloid-MPN	50.89528305
CGP_donor_1337944	Myeloid-AML	229.0500828
CGP_donor_1337966	Myeloid-AML	486.95912
CGP_donor_1338056	Myeloid-MPN	47.2977562
CGP_donor_1338117	Myeloid-MPN	65.29134017
CGP_donor_1338119	Myeloid-MPN	57.7694356
CGP_donor_1338575	Myeloid-MPN	57.64823296
CGP_donor_1338650	Myeloid-AML	59.8733319
CGP_donor_1364386	Myeloid-MPN	53.21827712
CGP_donor_1364401	Myeloid-MPN	150.7533511
CGP_donor_1364432	Myeloid-MPN	49.30368968
CGP_donor_1364444	Myeloid-MPN	67.56398422
CGP_donor_1364470	Myeloid-MPN	130.6942692
CGP_donor_1405305	Myeloid-MPN	44.36179418
CGP_donor_1405314	Myeloid-MPN	57.27862983
CGP_donor_1463315	Myeloid-MPN	190.4998323
CGP_donor_1500979	Myeloid-MPN	47.06980561
9938ce5c-e74e-446e-a932-f096f85cc3b1	Breast-AdenoCA	132.7249617
75113445-d2d6-44a0-866c-c9175e6d214b	Breast-AdenoCA	191.8881116
556fcbc8-172a-4af1-8822-ae036e8d68e8	Bladder-TCC	116.0097168
4bf50455-9ab7-4521-a791-089f66d3b877	Breast-AdenoCA	85.37680431
56d8a1b8-1268-4362-a7f1-77b76fbf1b59	Bladder-TCC	90.67048689
178b28cd-99c3-48dc-8d09-1ef71b4cee80	Bladder-TCC	252.324184
797a71ee-372d-41e5-aeee-5ab3c4661110	Bladder-TCC	193.9987599
44bec761-b603-49c0-8634-f6bfe0319bb1	Breast-AdenoCA	340.1582122
b97bf89a-7a85-4eef-ae7e-f787aead1f0a	Breast-AdenoCA	42.51666844
b58ad350-5140-4fa8-bc2c-24bca8395f3a	Breast-AdenoCA	126.0895617
9f6be944-83de-42ab-8738-f0022f475e61	Breast-AdenoCA	333.7062803
8c1dd7f7-b74a-4fa2-b6a7-86f0348d2567	Bladder-TCC	116.6269267
9435447e-d65f-408b-863b-6576b1d652dd	Breast-AdenoCA	185.6419315
5d8ed961-a012-4b6b-bffb-9468d3953646	Breast-LobularCA	180.2653565
f45210d3-9e66-4f5e-bef1-5ee5547cc893	Breast-AdenoCA	140.9151127
941f75a1-fea4-4539-ba69-60bb11608f6d	Cervix-SCC	57.41214343
8a4da4f0-30f2-497e-8a7c-988fd6b813cb	Cervix-SCC	105.5407338
6b74c07a-9932-4a80-8296-9db08d0c6964	Cervix-SCC	69.13171764
e733f289-a0ec-478c-aad9-1378ad26ddfa	Cervix-SCC	53.4328585
dfd30f94-19e3-4838-95df-14a3763419af	Cervix-SCC	145.415602
1	Lymph-CLL	235.4450822
2	Lymph-CLL	210.2603774
3	Lymph-CLL	180.4941457
4	Lymph-CLL	236.9700122
5	Lymph-CLL	245.7486172
10	Lymph-CLL	685.715043
16	Lymph-CLL	132.7285004
20	Lymph-CLL	200.3243618
23	Lymph-CLL	260.7573486
26	Lymph-CLL	217.5196597
a658becf-3934-49f2-9e74-291dca61d4bb	Bladder-TCC	249.8094494
27	Lymph-CLL	186.4592206
30	Lymph-CLL	295.0671479
32	Lymph-CLL	224.454288
33	Lymph-CLL	217.1178841
39	Lymph-CLL	310.458934
44	Lymph-CLL	283.9431539
48	Lymph-CLL	369.5234629
63	Lymph-CLL	277.4546946
64	Lymph-CLL	171.0603635
82	Lymph-CLL	224.4404075
83	Lymph-CLL	126.5558946
90	Lymph-CLL	174.9689306
128	Lymph-CLL	252.1863774
138	Lymph-CLL	227.6023155
157	Lymph-CLL	191.3346162
166	Lymph-CLL	149.5380802
181	Lymph-CLL	169.1332561
188	Lymph-CLL	216.877458
192	Lymph-CLL	151.863856
277	Lymph-CLL	149.4149605
278	Lymph-CLL	213.7726084
282	Lymph-CLL	143.5217101
290	Lymph-CLL	133.9763764
306	Lymph-CLL	274.0537198
318	Lymph-CLL	156.1886081
342	Lymph-CLL	161.3456683
ca554128-da9d-4f37-9560-ca083509e01d	Bladder-TCC	270.0958616
358	Lymph-CLL	180.2376409
371	Lymph-CLL	118.0852521
723	Lymph-CLL	200.248588
761	Lymph-CLL	394.342515
f48937ed-e294-41f0-8872-7010391167a9	Bladder-TCC	195.8124669
24f21425-b001-4986-aedf-5b4dd851c6ad	Bladder-TCC	101.07993
6	Lymph-CLL	253.7949842
141	Lymph-CLL	295.9561743
145	Lymph-CLL	144.1644199
419deaac-ea45-4bdd-9fa0-b5cd8429b44f	Bladder-TCC	72.30517787
125	Lymph-CLL	166.0066661
137	Lymph-CLL	245.9034829
356	Lymph-CLL	134.4831641
367	Lymph-CLL	174.162015
372	Lymph-CLL	149.6087052
386	Lymph-CLL	232.3926385
393	Lymph-CLL	101.6946448
442	Lymph-CLL	133.9165331
477	Lymph-CLL	146.5556554
cce62116-3dcd-400d-ada0-9839ca02466e	Bladder-TCC	362.4275306
654	Lymph-CLL	194.2858615
684	Lymph-CLL	132.1415322
749	Lymph-CLL	154.8788034
803	Lymph-CLL	162.5046716
df5ab6cc-6f68-4b6b-95e2-954c6b57ba9c	ColoRect-AdenoCA	139.413963
0cb0dac8-4ce2-444a-b1ae-1550e065b4d9	ColoRect-AdenoCA	166.9992518
a06c09a8-0951-49f4-a765-5147bbcae109	ColoRect-AdenoCA	723.9127936
a435fdf4-a89a-499e-9006-cbb5693eab26	ColoRect-AdenoCA	162.7351333
97f6c8d3-09a0-4128-8f10-41e736648a5f	ColoRect-AdenoCA	81.95413242
fafd4576-0709-49e1-926f-ad1ee09907ec	ColoRect-AdenoCA	1502.519451
2e386e48-b99b-4806-a3e3-081d72a606e7	ColoRect-AdenoCA	811.8552658
096b4f32-10c1-4737-a0dd-cae04c54ee33	Bladder-TCC	109.095693
dca004bf-9c14-45a1-b186-ab3759f6c7fe	ColoRect-AdenoCA	712.5443739
f8c0a69c-df53-4a0a-a30e-4424c0ce3dd5	Bladder-TCC	149.9119756
268c01b3-d2ce-44c0-a2fe-ea846a1253cc	ColoRect-AdenoCA	150.2834774
7fee9d6f-c0ea-43c2-89c2-66d965a077a8	Bladder-TCC	160.1147568
5e7074a6-5011-4dc5-950c-41365dbc6d09	ColoRect-AdenoCA	144.7704828
b54865b6-824e-4163-b759-21a6eacc98ce	ColoRect-AdenoCA	96.12850336
932bcdd4-5145-49e8-9a95-8a546396f572	Bladder-TCC	386.753767
750770db-53cf-4021-a8c2-5e0ddb97fef5	ColoRect-AdenoCA	860.9570705
33e989b9-fac4-47d8-b429-269044ac772a	ColoRect-AdenoCA	448.7290751
ca22edd4-eb7c-4677-84aa-6f0354459a19	ColoRect-AdenoCA	83.39811748
36eaf209-c332-4321-b6aa-51a3368ecd79	ColoRect-AdenoCA	164.4949094
5116e3b4-2bac-40f5-8046-b9c1783faaa5	ColoRect-AdenoCA	1142.727235
a512701f-88bb-4b05-8c94-fd285b9dd13e	ColoRect-AdenoCA	706.0388044
ff1407c6-9174-4bae-a19b-d34ca71b898c	ColoRect-AdenoCA	683.8250387
84e34cf2-b3bb-4a1a-8fb7-6c2c604c4008	ColoRect-AdenoCA	148.6634496
6fa41234-9077-4d05-a295-6820f3bedf5b	ColoRect-AdenoCA	123.5707204
7b47489f-c3cc-4388-b5d7-c7c02790a5f6	ColoRect-AdenoCA	778.8806766
b08b5f49-9434-4653-9772-097ec29b2ca3	ColoRect-AdenoCA	65.3049043
bfb07784-693b-4c25-874e-4ad6e04a5d46	ColoRect-AdenoCA	1003.761106
7d8eab0a-e6c8-4449-9ebf-50c41db94a06	ColoRect-AdenoCA	1102.077427
e457344d-76fb-46bf-b362-61a6e811d131	ColoRect-AdenoCA	130.3688887
df228c56-89ac-4122-93b3-6c0740c4ec09	ColoRect-AdenoCA	550.5284729
